team,number,position,birth_date,shirt_name,club,height,weight,league,to,age,caps,BMI
ARGENTINA,1,GK,1986-02-10,GUZMÁN,Tigres UANL,192,90,MEX,Moscow,32,6,24.4140625
ARGENTINA,10,FW,1987-06-24,MESSI,FC Barcelona,170,72,ESP,Moscow,31,124,24.91349481
ARGENTINA,11,MF,1988-02-14,DI MARÍA,Paris Saint-Germain FC,178,75,FRA,Moscow,30,94,23.67125363
ARGENTINA,12,GK,1986-10-16,ARMANI,CA River Plate,189,85,ARG,Moscow,32,0,23.79552644
ARGENTINA,13,MF,1992-12-15,MEZA,CA Independiente,180,76,ARG,Moscow,25,2,23.45679012
ARGENTINA,14,DF,1984-06-08,MASCHERANO,Hebei China Fortune FC,174,73,CHN,Moscow,34,143,24.11150746
ARGENTINA,15,MF,1993-02-15,LANZINI,West Ham United FC,167,66,ENG,Moscow,25,23,23.66524436
ARGENTINA,16,DF,1990-03-20,ROJO,Manchester United FC,189,82,ENG,Moscow,28,56,22.95568433
ARGENTINA,17,DF,1988-02-12,OTAMENDI,Manchester City FC,181,81,ENG,Moscow,30,54,24.72452001
ARGENTINA,18,DF,1990-07-13,SALVIO,SL Benfica,167,69,POR,Moscow,28,9,24.74093729
ARGENTINA,19,FW,1988-06-02,AGÜERO,Manchester City FC,172,74,ENG,Moscow,30,85,25.01352082
ARGENTINA,2,DF,1987-03-18,MERCADO,Sevilla FC,181,81,ESP,Moscow,31,20,24.72452001
ARGENTINA,20,MF,1996-04-09,LO CELSO,Paris Saint-Germain FC,177,75,FRA,Moscow,22,5,23.93948099
ARGENTINA,21,FW,1993-11-15,DYBALA,Juventus FC,177,73,ITA,Moscow,25,12,23.30109483
ARGENTINA,22,MF,1996-01-21,PAVÓN,CA Boca Juniors,169,65,ARG,Moscow,22,5,22.75830678
ARGENTINA,23,GK,1981-09-28,CABALLERO,Chelsea FC,186,80,ENG,Moscow,37,3,23.12406059
ARGENTINA,3,DF,1992-08-31,TAGLIAFICO,AFC Ajax,169,65,NED,Moscow,26,4,22.75830678
ARGENTINA,4,DF,1986-09-20,ANSALDI,Torino FC,181,73,ITA,Moscow,32,5,22.28259211
ARGENTINA,5,MF,1986-01-30,BIGLIA,AC Milan,175,73,ITA,Moscow,32,57,23.83673469
ARGENTINA,6,DF,1987-03-17,FAZIO,AS Roma,199,85,ITA,Moscow,31,9,21.46410444
ARGENTINA,7,MF,1988-06-29,BANEGA,Sevilla FC,175,73,ESP,Moscow,30,62,23.83673469
ARGENTINA,8,DF,1991-10-28,ACUÑA,Sporting CP,172,77,POR,Moscow,27,10,26.02758248
ARGENTINA,9,FW,1987-12-10,HIGUAÍN,Juventus FC,184,75,ITA,Moscow,31,71,22.1526465
AUSTRALIA,1,GK,1992-04-08,RYAN,Brighton & Hove Albion FC,184,82,ENG,Moscow,26,44,24.22022684
AUSTRALIA,10,FW,1988-10-05,KRUSE,VfL Bochum,180,66,GER,Moscow,30,64,20.37037037
AUSTRALIA,11,FW,1992-12-17,NABBOUT,Urawa Reds,178,85,JPN,Moscow,25,4,26.82742078
AUSTRALIA,12,GK,1982-03-19,JONES,Feyenoord Rotterdam,193,87,NED,Moscow,36,6,23.35633171
AUSTRALIA,13,MF,1990-09-15,MOOY,Huddersfield Town FC,173,72,ENG,Moscow,28,34,24.05693475
AUSTRALIA,14,FW,1993-07-29,MACLAREN,Hibernian FC,178,72,SCO,Moscow,25,6,22.72440348
AUSTRALIA,15,MF,1984-08-03,JEDINAK,Aston Villa FC,188,78,ENG,Moscow,34,76,22.06880942
AUSTRALIA,16,DF,1990-12-16,BEHICH,Bursaspor,170,63,TUR,Moscow,27,23,21.79930796
AUSTRALIA,17,FW,1999-01-04,ARZANI,Melbourne City FC,171,73,AUS,Moscow,19,2,24.96494648
AUSTRALIA,18,GK,1985-03-27,VUKOVIC,KRC Genk,187,94,BEL,Moscow,33,1,26.8809517
AUSTRALIA,19,DF,1992-07-27,RISDON,WS Wanderers FC,169,70,AUS,Moscow,26,8,24.50894577
AUSTRALIA,2,DF,1994-04-28,DEGENEK,Yokohama F-Marinos,187,85,JPN,Moscow,24,18,24.30724356
AUSTRALIA,20,DF,1992-01-05,SAINSBURY,Grasshopper Club,183,76,SUI,Moscow,26,35,22.69401893
AUSTRALIA,21,FW,1992-11-10,PETRATOS,Newcastle United Jets FC,176,72,AUS,Moscow,26,2,23.24380165
AUSTRALIA,22,MF,1993-03-07,IRVINE,Hull City FC,180,77,ENG,Moscow,25,19,23.7654321
AUSTRALIA,23,MF,1992-12-16,ROGIC,Celtic FC,189,88,SCO,Moscow,25,37,24.63536855
AUSTRALIA,3,DF,1988-04-05,MEREDITH,Millwall FC,179,71,ENG,Moscow,30,2,22.15910864
AUSTRALIA,4,FW,1979-12-06,CAHILL,Millwall FC,180,76,ENG,Moscow,39,106,23.45679012
AUSTRALIA,5,DF,1985-08-04,MILLIGAN,Al Ahli SC,178,78,KSA,Moscow,33,71,24.61810377
AUSTRALIA,6,DF,1989-12-08,JURMAN,Suwon Samsung Bluewings FC,190,83,KOR,Moscow,29,4,22.99168975
AUSTRALIA,7,FW,1991-02-04,LECKIE,Hertha BSC,181,84,GER,Moscow,27,53,25.64024297
AUSTRALIA,8,MF,1992-09-25,LUONGO,Queens Park Rangers FC,176,76,ENG,Moscow,26,36,24.53512397
AUSTRALIA,9,FW,1991-07-22,JURIC,FC Luzern,190,80,SUI,Moscow,27,35,22.16066482
BELGIUM,1,GK,1992-05-11,COURTOIS,Chelsea FC,199,91,ENG,Moscow,26,58,22.9792177
BELGIUM,10,FW,1991-01-07,E. HAZARD,Chelsea FC,173,74,ENG,Moscow,27,86,24.72518293
BELGIUM,11,MF,1993-09-04,CARRASCO,Dalian Yifang FC,180,67,CHN,Moscow,25,26,20.67901235
BELGIUM,12,GK,1988-03-06,MIGNOLET,Liverpool FC,193,87,ENG,Moscow,30,21,23.35633171
BELGIUM,13,GK,1992-06-25,CASTEELS,VfL Wolfsburg,197,86,GER,Moscow,26,0,22.15980829
BELGIUM,14,FW,1987-05-06,MERTENS,SSC Napoli,169,61,ITA,Moscow,31,69,21.3577956
BELGIUM,15,DF,1991-09-12,MEUNIER,Paris Saint-Germain FC,190,88,FRA,Moscow,27,25,24.3767313
BELGIUM,16,MF,1993-03-29,T. HAZARD,VfL Borussia Mönchengladbach,174,70,GER,Moscow,25,11,23.1206236
BELGIUM,17,MF,1997-05-07,TIELEMANS,AS Monaco,176,72,FRA,Moscow,21,9,23.24380165
BELGIUM,18,FW,1995-02-05,JANUZAJ,Real Sociedad,180,75,ESP,Moscow,23,8,23.14814815
BELGIUM,19,MF,1987-07-16,DEMBELE,Tottenham Hotspur FC,185,82,ENG,Moscow,31,76,23.95909423
BELGIUM,2,DF,1989-03-02,ALDERWEIRELD,Tottenham Hotspur FC,186,81,ENG,Moscow,29,77,23.41311134
BELGIUM,20,DF,1990-11-28,BOYATA,Celtic FC,188,84,SCO,Moscow,28,7,23.76641014
BELGIUM,21,FW,1993-10-02,BATSHUAYI,Borussia Dortmund,185,78,GER,Moscow,25,16,22.79035793
BELGIUM,22,MF,1989-08-02,CHADLI,West Bromwich Albion FC,187,85,ENG,Moscow,29,45,24.30724356
BELGIUM,23,DF,1995-04-15,DENDONCKER,RSC Anderlecht,188,76,BEL,Moscow,23,5,21.50294251
BELGIUM,3,DF,1985-11-14,VERMAELEN,FC Barcelona,183,80,ESP,Moscow,33,66,23.88844098
BELGIUM,4,DF,1986-04-10,KOMPANY,Manchester City FC,190,85,ENG,Moscow,32,77,23.54570637
BELGIUM,5,DF,1987-04-24,VERTONGHEN,Tottenham Hotspur FC,189,86,ENG,Moscow,31,102,24.07547381
BELGIUM,6,MF,1989-01-12,WITSEL,Tianjin Quanjian FC,186,73,CHN,Moscow,29,90,21.10070528
BELGIUM,7,MF,1991-06-28,DE BRUYNE,Manchester City FC,181,70,ENG,Moscow,27,62,21.36686914
BELGIUM,8,MF,1987-11-22,FELLAINI,Manchester United FC,194,85,ENG,Moscow,31,82,22.58475927
BELGIUM,9,FW,1993-05-13,R. LUKAKU,Manchester United FC,190,94,ENG,Moscow,25,69,26.03878116
BRAZIL,1,GK,1992-10-02,A. BECKER,AS Roma,193,91,ITA,Moscow,26,26,24.43018605
BRAZIL,10,FW,1992-02-05,NEYMAR JR,Paris Saint-Germain FC,175,68,FRA,Moscow,26,85,22.20408163
BRAZIL,11,MF,1992-06-12,P. COUTINHO,FC Barcelona,172,68,ESP,Moscow,26,37,22.98539751
BRAZIL,12,DF,1988-05-12,MARCELO,Real Madrid CF,174,80,ESP,Moscow,30,54,26.42356982
BRAZIL,13,DF,1994-05-14,MARQUINHOS,Paris Saint-Germain FC,183,75,FRA,Moscow,24,26,22.39541342
BRAZIL,14,DF,1991-07-15,DANILO,Manchester City FC,184,78,ENG,Moscow,27,18,23.03875236
BRAZIL,15,MF,1988-07-25,PAULINHO,FC Barcelona,181,81,ESP,Moscow,30,50,24.72452001
BRAZIL,16,GK,1987-06-06,CASSIO,SC Corinthians,195,92,BRA,Moscow,31,1,24.19460881
BRAZIL,17,MF,1985-05-04,FERNANDINHO,Manchester City FC,179,67,ENG,Moscow,33,44,20.91070816
BRAZIL,18,MF,1993-03-05,FRED,FC Shakhtar Donetsk,169,64,UKR,Moscow,25,8,22.40817899
BRAZIL,19,MF,1988-08-09,WILLIAN,Chelsea FC,175,77,ENG,Moscow,30,57,25.14285714
BRAZIL,2,DF,1984-09-22,T. SILVA,Paris Saint-Germain FC,183,79,FRA,Moscow,34,71,23.58983547
BRAZIL,20,FW,1991-10-02,FIRMINO,Liverpool FC,181,76,ENG,Moscow,27,21,23.19831507
BRAZIL,21,FW,1988-01-13,TAISON,FC Shakhtar Donetsk,172,64,UKR,Moscow,30,8,21.63331531
BRAZIL,22,DF,1989-06-11,FAGNER,SC Corinthians,168,67,BRA,Moscow,29,4,23.73866213
BRAZIL,23,GK,1993-08-17,EDERSON,Manchester City FC,188,86,ENG,Moscow,25,1,24.33227705
BRAZIL,3,DF,1984-09-07,MIRANDA,FC Internazionale,186,78,ITA,Moscow,34,47,22.54595907
BRAZIL,4,DF,1985-09-21,GEROMEL,Grêmio FBPA,190,84,BRA,Moscow,33,2,23.26869806
BRAZIL,5,MF,1992-02-23,CASEMIRO,Real Madrid CF,185,84,ESP,Moscow,26,24,24.54346238
BRAZIL,6,DF,1985-08-09,FILIPE LUIS,Atletico Madrid,182,73,ESP,Moscow,33,33,22.03840116
BRAZIL,7,FW,1990-09-14,D. COSTA,Juventus FC,182,70,ITA,Moscow,28,25,21.13271344
BRAZIL,8,MF,1988-02-08,R. AUGUSTO,Beijing Guoan,186,86,CHN,Moscow,30,28,24.85836513
BRAZIL,9,FW,1997-04-03,G. JESUS,Manchester City FC,175,73,ENG,Moscow,21,17,23.83673469
COLOMBIA,1,GK,1988-08-31,OSPINA,Arsenal FC,183,80,ENG,Moscow,30,86,23.88844098
COLOMBIA,10,MF,1991-07-12,JAMES,FC Bayern München,180,75,GER,Moscow,27,63,23.14814815
COLOMBIA,11,MF,1988-05-26,CUADRADO,Juventus FC,179,72,ITA,Moscow,30,70,22.47120876
COLOMBIA,12,GK,1989-03-09,C. VARGAS,AC Deportivo Cali,185,80,COL,Moscow,29,5,23.37472608
COLOMBIA,13,DF,1994-09-23,Y. MINA,FC Barcelona,194,95,ESP,Moscow,24,12,25.24178978
COLOMBIA,14,FW,1991-04-16,L. MURIEL,Sevilla FC,178,79,ESP,Moscow,27,18,24.93372049
COLOMBIA,15,MF,1991-03-21,M. URIBE,Club América,182,71,MEX,Moscow,27,8,21.43460935
COLOMBIA,16,MF,1994-10-25,J. LERMA,Levante UD,179,70,ESP,Moscow,24,5,21.84700852
COLOMBIA,17,DF,1992-08-21,J. MOJICA,Girona FC,185,66,ESP,Moscow,26,4,19.28414901
COLOMBIA,18,DF,1991-02-22,FABRA,CA Boca Juniors,172,72,ARG,Moscow,27,13,24.33747972
COLOMBIA,19,FW,1993-01-26,M. BORJA,SE Palmeiras,183,74,BRA,Moscow,25,7,22.09680791
COLOMBIA,2,DF,1986-09-30,C. ZAPATA,AC Milan,187,82,ITA,Moscow,32,55,23.44934084
COLOMBIA,20,MF,1993-01-18,J. QUINTERO,CA River Plate,169,64,ARG,Moscow,25,15,22.40817899
COLOMBIA,21,FW,1992-07-07,IZQUIERDO,Brighton & Hove Albion FC,171,73,ENG,Moscow,26,5,24.96494648
COLOMBIA,22,GK,1985-06-01,J.F. CUADRADO,CD Once Caldas,180,80,COL,Moscow,33,1,24.69135802
COLOMBIA,23,DF,1996-06-12,D. SANCHEZ,Tottenham Hotspur FC,187,81,ENG,Moscow,22,9,23.16337327
COLOMBIA,3,DF,1988-04-18,O. MURILLO,CF Pachuca,184,80,MEX,Moscow,30,13,23.6294896
COLOMBIA,4,DF,1992-01-13,ARIAS,PSV Eindhoven,177,71,NED,Moscow,26,41,22.66270867
COLOMBIA,5,MF,1993-10-16,BARRIOS,CA Boca Juniors,178,74,ARG,Moscow,25,10,23.35563691
COLOMBIA,6,MF,1986-02-06,C. SANCHEZ,RCD Espanyol,182,82,ESP,Moscow,32,85,24.75546432
COLOMBIA,7,FW,1986-09-08,BACCA,Villarreal CF,181,77,ESP,Moscow,32,45,23.50355606
COLOMBIA,8,MF,1985-01-06,AGUILAR T.,AC Deportivo Cali,185,82,COL,Moscow,33,70,23.95909423
COLOMBIA,9,FW,1986-02-10,FALCAO,AS Monaco,177,72,FRA,Moscow,32,73,22.98190175
COSTA RICA,1,GK,1986-12-15,K. NAVAS,Real Madrid CF,185,80,ESP,Moscow,31,81,23.37472608
COSTA RICA,10,MF,1985-08-18,BRYAN,Sporting CP,187,73,POR,Moscow,33,110,20.8756327
COSTA RICA,11,FW,1988-11-27,J. VENEGAS,Deportivo Saprissa,183,76,CRC,Moscow,30,47,22.69401893
COSTA RICA,12,FW,1992-06-26,J. CAMPBELL,Real Betis,178,71,ESP,Moscow,26,77,22.40878677
COSTA RICA,13,MF,1988-06-17,R. WALLACE,New York City FC,180,70,USA,Moscow,30,30,21.60493827
COSTA RICA,14,MF,1984-12-30,R. AZOFEIFA,CS Herediano,182,83,CRC,Moscow,33,58,25.05736022
COSTA RICA,15,DF,1992-07-08,F. CALVO,Minnesota United FC,180,78,USA,Moscow,26,38,24.07407407
COSTA RICA,16,DF,1989-10-24,C. GAMBOA,Celtic FC,175,67,SCO,Moscow,29,68,21.87755102
COSTA RICA,17,MF,1992-03-17,Y. TEJEDA,FC Lausanne-Sport,179,67,SUI,Moscow,26,51,20.91070816
COSTA RICA,18,GK,1982-04-24,P. PEMBERTON,LD Alajuelense,178,72,CRC,Moscow,36,39,22.72440348
COSTA RICA,19,DF,1988-01-01,K. WASTON,Vancouver Whitecaps FC,196,87,CAN,Moscow,30,26,22.64681383
COSTA RICA,2,DF,1983-07-21,J. ACOSTA,Rionegro Águilas,176,75,COL,Moscow,35,69,24.21229339
COSTA RICA,20,MF,1990-02-18,D. GUZMAN,Portland Timbers,176,78,USA,Moscow,28,43,25.18078512
COSTA RICA,21,FW,1990-03-05,M. UREÑA,Los Angeles FC,181,70,USA,Moscow,28,64,21.36686914
COSTA RICA,22,DF,1994-07-09,R. MATARRITA,New York City FC,175,70,USA,Moscow,24,9,22.85714286
COSTA RICA,23,GK,1990-04-02,L. MOREIRA,CS Herediano,179,70,CRC,Moscow,28,9,21.84700852
COSTA RICA,3,DF,1988-02-08,G. GONZALEZ,Bologna FC,186,78,ITA,Moscow,30,70,22.54595907
COSTA RICA,4,DF,1998-03-06,I. SMITH,IFK Norrkoping FK,177,68,SWE,Moscow,20,4,21.70512943
COSTA RICA,5,MF,1988-05-27,C. BORGES,Deportivo La Coruña,187,79,ESP,Moscow,30,113,22.59143813
COSTA RICA,6,DF,1989-06-03,O. DUARTE,RCD Espanyol,186,81,ESP,Moscow,29,39,23.41311134
COSTA RICA,7,MF,1984-05-17,C. BOLAÑOS,Deportivo Saprissa,178,67,CRC,Moscow,34,81,21.14631991
COSTA RICA,8,DF,1990-02-18,B. OVIEDO,Sunderland AFC,172,70,ENG,Moscow,28,44,23.66143862
COSTA RICA,9,MF,1985-01-10,D. COLINDRES,Deportivo Saprissa,180,75,CRC,Moscow,33,11,23.14814815
CROATIA,1,GK,1995-01-09,LIVAKOVI?,GNK Dinamo Zagreb,188,82,CRO,Moscow,23,1,23.20054323
CROATIA,10,MF,1985-09-09,MODRI?,Real Madrid CF,172,66,ESP,Moscow,33,106,22.30935641
CROATIA,11,MF,1992-11-16,BROZOVI?,FC Internazionale,181,68,ITA,Moscow,26,35,20.75638717
CROATIA,12,GK,1990-04-03,L. KALINI?,KAA Gent,201,96,BEL,Moscow,28,11,23.76178807
CROATIA,13,DF,1995-11-28,JEDVAJ,Bayer 04 Leverkusen,184,81,GER,Moscow,23,12,23.92485822
CROATIA,14,MF,1992-01-11,BRADARI?,HNK Rijeka,186,78,CRO,Moscow,26,4,22.54595907
CROATIA,15,DF,1996-09-17,?ALETA-CAR,FC Red Bull Salzburg,192,89,AUT,Moscow,22,1,24.14279514
CROATIA,16,FW,1988-01-05,N. KALINI?,AC Milan,187,81,ITA,Moscow,30,42,23.16337327
CROATIA,17,FW,1986-05-21,MANDŽUKI?,Juventus FC,190,85,ITA,Moscow,32,83,23.54570637
CROATIA,18,FW,1993-09-21,REBI?,Eintracht Frankfurt,185,78,GER,Moscow,25,16,22.79035793
CROATIA,19,MF,1989-02-25,BADELJ,ACF Fiorentina,186,76,ITA,Moscow,29,38,21.96785756
CROATIA,2,DF,1992-01-10,VRSALJKO,Atletico Madrid,181,76,ESP,Moscow,26,35,23.19831507
CROATIA,20,FW,1995-05-06,PJACA,FC Schalke 04,186,83,GER,Moscow,23,16,23.99121286
CROATIA,21,DF,1989-04-29,VIDA,Besiktas JK,184,76,TUR,Moscow,29,59,22.44801512
CROATIA,22,DF,1989-01-30,PIVARI?,FC Dynamo Kyiv,176,69,UKR,Moscow,29,19,22.27530992
CROATIA,23,GK,1984-10-27,SUBAŠI?,AS Monaco,191,84,FRA,Moscow,34,38,23.0256846
CROATIA,3,DF,1987-07-17,STRINI?,UC Sampdoria,186,78,ITA,Moscow,31,43,22.54595907
CROATIA,4,FW,1989-02-02,PERIŠI?,FC Internazionale,186,81,ITA,Moscow,29,66,23.41311134
CROATIA,5,DF,1986-02-05,?ORLUKA,FC Lokomotiv Moscow,192,84,RUS,Moscow,32,99,22.78645833
CROATIA,6,DF,1989-07-05,LOVREN,Liverpool FC,188,84,ENG,Moscow,29,39,23.76641014
CROATIA,7,MF,1988-03-10,RAKITI?,FC Barcelona,184,78,ESP,Moscow,30,92,23.03875236
CROATIA,8,MF,1994-05-06,KOVA?I?,Real Madrid CF,178,78,ESP,Moscow,24,41,24.61810377
CROATIA,9,FW,1991-06-19,KRAMARI?,TSG 1899 Hoffenheim,177,73,GER,Moscow,27,31,23.30109483
DENMARK,1,GK,1986-11-05,SCHMEICHEL,Leicester City FC,190,92,ENG,Moscow,32,35,25.48476454
DENMARK,10,MF,1992-02-14,ERIKSEN,Tottenham Hotspur FC,181,76,ENG,Moscow,26,78,23.19831507
DENMARK,11,FW,1991-06-05,BRAITHWAITE,FC Girondins Bordeaux,180,73,FRA,Moscow,27,20,22.5308642
DENMARK,12,FW,1997-10-06,DOLBERG,AFC Ajax,187,85,NED,Moscow,21,6,24.30724356
DENMARK,13,DF,1990-04-23,M. JØRGENSEN,Huddersfield Town FC,191,85,ENG,Moscow,28,12,23.2997999
DENMARK,14,DF,1989-07-27,DALSGAARD,Brentford FC,190,81,ENG,Moscow,29,11,22.43767313
DENMARK,15,FW,1994-06-09,FISCHER,FC Kobenhavn,181,80,DEN,Moscow,24,19,24.41927902
DENMARK,16,GK,1989-02-01,LÖSSL,Huddersfield Town FC,195,90,ENG,Moscow,29,1,23.66863905
DENMARK,17,DF,1991-02-21,STRYGER,Udinese Calcio,182,82,ITA,Moscow,27,13,24.75546432
DENMARK,18,MF,1993-07-12,LERAGER,FC Girondins Bordeaux,186,85,FRA,Moscow,25,4,24.56931437
DENMARK,19,MF,1986-05-27,SCHÖNE,AFC Ajax,178,80,NED,Moscow,32,36,25.2493372
DENMARK,2,MF,1983-06-06,KROHN-DEHLI,Deportivo La Coruña,171,69,ESP,Moscow,35,59,23.59700421
DENMARK,20,FW,1994-06-15,YURARY,RB Leipzig,193,84,GER,Moscow,24,28,22.55094096
DENMARK,21,FW,1993-03-16,CORNELIUS,Atalanta Bergamo,195,91,ITA,Moscow,25,18,23.93162393
DENMARK,22,GK,1992-08-04,RØNNOW,Brondby IF,190,85,DEN,Moscow,26,6,23.54570637
DENMARK,23,FW,1995-02-04,SISTO,Celta Vigo,173,69,ESP,Moscow,23,14,23.05456246
DENMARK,3,DF,1992-08-03,VESTERGAARD,VfL Borussia Mönchengladbach,200,98,GER,Moscow,26,16,24.5
DENMARK,4,DF,1989-03-26,KJÆR,Sevilla FC,191,84,ESP,Moscow,29,78,23.0256846
DENMARK,5,DF,1992-09-16,KNUDSEN,Ipswich Town FC,187,82,ENG,Moscow,26,3,23.44934084
DENMARK,6,DF,1996-04-10,CHRISTENSEN,Chelsea FC,192,85,ENG,Moscow,22,16,23.05772569
DENMARK,7,MF,1985-02-24,KVIST,FC Kobenhavn,185,80,DEN,Moscow,33,80,23.37472608
DENMARK,8,MF,1991-09-03,DELANEY,SV Werder Bremen,180,78,GER,Moscow,27,27,24.07407407
DENMARK,9,FW,1991-01-15,N. JØRGENSEN,Feyenoord Rotterdam,194,86,NED,Moscow,27,31,22.85046232
EGYPT,1,GK,1973-01-15,ELHADARY,Al Taawoun FC,190,90,KSA,Moscow,45,158,24.93074792
EGYPT,10,FW,1992-06-15,M SALAH,Liverpool FC,175,71,ENG,Moscow,26,57,23.18367347
EGYPT,11,FW,1994-04-13,M. KAHRABA,Al-Ittihad FC,182,76,KSA,Moscow,24,19,22.94408888
EGYPT,12,DF,1991-04-09,A. ASHRAF,Al Ahly SC,176,73,EGY,Moscow,27,4,23.56663223
EGYPT,13,DF,1985-07-01,ABDELSHAFY,Al Fateh FC,171,72,KSA,Moscow,33,51,24.62296091
EGYPT,14,FW,1997-01-23,RAMADAN,Stoke City FC,183,77,ENG,Moscow,21,23,22.99262444
EGYPT,15,DF,1995-06-01,M. HAMDY,Zamalek,173,72,EGY,Moscow,23,0,24.05693475
EGYPT,16,GK,1983-07-10,EKRAMY,Al Ahly SC,193,93,EGY,Moscow,35,22,24.96711321
EGYPT,17,MF,1992-07-11,M. ELNENY,Arsenal FC,181,74,ENG,Moscow,26,61,22.58783309
EGYPT,18,FW,1986-03-05,SHIKABALA,Al Raed SC,183,80,KSA,Moscow,32,29,23.88844098
EGYPT,19,MF,1985-07-13,ABDALLA,Kuopion PS,176,75,FIN,Moscow,33,36,24.21229339
EGYPT,2,DF,1989-01-01,ALI GABR,West Bromwich Albion FC,191,88,ENG,Moscow,29,21,24.12214577
EGYPT,20,DF,1989-04-01,S. SAMIR,Al Ahly SC,183,82,EGY,Moscow,29,11,24.48565201
EGYPT,21,MF,1994-10-01,M. TREZEGUET,Kasimpasa SK,181,77,TUR,Moscow,24,24,23.50355606
EGYPT,22,FW,1993-09-17,WARDA,Atromitos FC,179,77,GRE,Moscow,25,16,24.03170937
EGYPT,23,GK,1988-12-18,M. ELSHENAWY,Al Ahly SC,191,86,EGY,Moscow,29,3,23.57391519
EGYPT,3,DF,1987-09-09,ELMOHAMADY,Aston Villa FC,183,76,ENG,Moscow,31,78,22.69401893
EGYPT,4,MF,1992-01-30,O. GABER,Los Angeles FC,175,71,USA,Moscow,26,24,23.18367347
EGYPT,5,MF,1991-09-10,MORSY,Wigan Athletic FC,173,75,ENG,Moscow,27,5,25.05930703
EGYPT,6,DF,1991-01-25,A. HEGAZY,West Bromwich Albion FC,194,95,ENG,Moscow,27,45,25.24178978
EGYPT,7,DF,1984-11-10,A. FATHI,Al Ahly SC,176,76,EGY,Moscow,34,126,24.53512397
EGYPT,8,MF,1988-10-24,TAREK HAMED,Zamalek,169,67,EGY,Moscow,30,21,23.45856238
EGYPT,9,FW,1989-02-26,MARWAN,Al Ahly SC,185,81,EGY,Moscow,29,24,23.66691015
ENGLAND,1,GK,1994-03-07,PICKFORD,Everton FC,185,72,ENG,Moscow,24,3,21.03725347
ENGLAND,10,FW,1994-12-08,STERLING,Manchester City FC,170,70,ENG,Moscow,24,38,24.22145329
ENGLAND,11,FW,1987-01-11,VARDY,Leicester City FC,178,80,ENG,Moscow,31,22,25.2493372
ENGLAND,12,DF,1990-09-19,TRIPPIER,Tottenham Hotspur FC,178,72,ENG,Moscow,28,7,22.72440348
ENGLAND,13,GK,1993-03-10,BUTLAND,Stoke City FC,196,96,ENG,Moscow,25,8,24.98958767
ENGLAND,14,FW,1990-11-26,WELBECK,Arsenal FC,184,78,ENG,Moscow,28,39,23.03875236
ENGLAND,15,DF,1985-12-19,CAHILL,Chelsea FC,191,85,ENG,Moscow,32,60,23.2997999
ENGLAND,16,DF,1992-02-21,JONES,Manchester United FC,182,72,ENG,Moscow,26,25,21.73650525
ENGLAND,17,DF,1989-11-21,DELPH,Manchester City FC,174,78,ENG,Moscow,29,11,25.76298058
ENGLAND,18,DF,1985-07-09,YOUNG,Manchester United FC,175,78,ENG,Moscow,33,34,25.46938776
ENGLAND,19,FW,1997-10-31,RASHFORD,Manchester United FC,180,78,ENG,Moscow,21,19,24.07407407
ENGLAND,2,DF,1990-05-28,WALKER,Manchester City FC,178,83,ENG,Moscow,28,35,26.19618735
ENGLAND,20,MF,1996-04-11,DELE,Tottenham Hotspur FC,188,76,ENG,Moscow,22,25,21.50294251
ENGLAND,21,MF,1996-01-23,LOFTUS-CHEEK,Chelsea FC,190,73,ENG,Moscow,22,4,20.22160665
ENGLAND,22,DF,1998-10-07,ALEXANDER-ARNOLD,Liverpool FC,175,70,ENG,Moscow,20,1,22.85714286
ENGLAND,23,GK,1992-04-19,POPE,Burnley FC,191,76,ENG,Moscow,26,1,20.83276226
ENGLAND,3,DF,1990-07-02,ROSE,Tottenham Hotspur FC,173,76,ENG,Moscow,28,18,25.39343112
ENGLAND,4,MF,1994-01-15,DIER,Tottenham Hotspur FC,188,90,ENG,Moscow,24,26,25.46401086
ENGLAND,5,DF,1994-05-28,STONES,Manchester City FC,188,72,ENG,Moscow,24,26,20.37120869
ENGLAND,6,DF,1993-03-05,MAGUIRE,Leicester City FC,193,98,ENG,Moscow,25,5,26.30943113
ENGLAND,7,MF,1992-12-15,LINGARD,Manchester United FC,175,60,ENG,Moscow,25,12,19.59183673
ENGLAND,8,MF,1990-06-17,HENDERSON,Liverpool FC,183,82,ENG,Moscow,28,39,24.48565201
ENGLAND,9,FW,1993-07-28,KANE,Tottenham Hotspur FC,188,98,ENG,Moscow,25,24,27.7274785
FRANCE,1,GK,1986-12-26,LLORIS,Tottenham Hotspur FC,188,82,ENG,Moscow,31,98,23.20054323
FRANCE,10,FW,1998-12-20,MBAPPE,Paris Saint-Germain FC,178,78,FRA,Moscow,19,15,24.61810377
FRANCE,11,FW,1997-05-15,DEMBELE,FC Barcelona,178,70,ESP,Moscow,21,12,22.09317005
FRANCE,12,MF,1994-08-03,TOLISSO,FC Bayern München,180,82,GER,Moscow,24,9,25.30864198
FRANCE,13,MF,1991-03-29,KANTE,Chelsea FC,168,70,ENG,Moscow,27,24,24.8015873
FRANCE,14,MF,1987-04-09,MATUIDI,Juventus FC,180,74,ITA,Moscow,31,67,22.83950617
FRANCE,15,MF,1988-12-15,NZONZI,Sevilla FC,197,87,ESP,Moscow,29,4,22.41748048
FRANCE,16,GK,1985-03-28,MANDANDA,Olympique Marseille,187,88,FRA,Moscow,33,27,25.16514627
FRANCE,17,DF,1985-12-27,RAMI,Olympique Marseille,190,90,FRA,Moscow,32,35,24.93074792
FRANCE,18,FW,1993-07-18,FEKIR,Olympique Lyon,173,76,FRA,Moscow,25,12,25.39343112
FRANCE,19,DF,1992-07-29,SIDIBE,AS Monaco,184,81,FRA,Moscow,26,17,23.92485822
FRANCE,2,DF,1996-03-28,PAVARD,VfB Stuttgart,186,76,GER,Moscow,22,6,21.96785756
FRANCE,20,FW,1993-01-26,THAUVIN,Olympique Marseille,180,76,FRA,Moscow,25,4,23.45679012
FRANCE,21,DF,1996-02-14,HERNANDEZ,Atletico Madrid,183,76,ESP,Moscow,22,5,22.69401893
FRANCE,22,DF,1994-07-17,MENDY,Manchester City FC,183,84,ENG,Moscow,24,7,25.08286303
FRANCE,23,GK,1993-02-27,AREOLA,Paris Saint-Germain FC,195,95,FRA,Moscow,25,0,24.98356345
FRANCE,3,DF,1995-08-13,KIMPEMBE,Paris Saint-Germain FC,182,78,FRA,Moscow,23,2,23.54788069
FRANCE,4,DF,1993-04-25,VARANE,Real Madrid CF,191,79,ESP,Moscow,25,42,21.65510814
FRANCE,5,DF,1993-11-14,UMTITI,FC Barcelona,183,84,ESP,Moscow,25,19,25.08286303
FRANCE,6,MF,1993-03-15,POGBA,Manchester United FC,191,86,ENG,Moscow,25,54,23.57391519
FRANCE,7,FW,1991-03-21,GRIEZMANN,Atletico Madrid,174,72,ESP,Moscow,27,54,23.78121284
FRANCE,8,FW,1995-11-12,LEMAR,AS Monaco,172,65,FRA,Moscow,23,12,21.97133586
FRANCE,9,FW,1986-09-30,GIROUD,Chelsea FC,193,91,ENG,Moscow,32,74,24.43018605
GERMANY,1,GK,1986-03-27,NEUER,FC Bayern München,193,93,GER,Moscow,32,76,24.96711321
GERMANY,10,MF,1988-10-15,ÖZIL,Arsenal FC,180,70,ENG,Moscow,30,90,21.60493827
GERMANY,11,FW,1989-05-31,REUS,Borussia Dortmund,180,67,GER,Moscow,29,31,20.67901235
GERMANY,12,GK,1990-07-08,TRAPP,Paris Saint-Germain FC,189,88,FRA,Moscow,28,3,24.63536855
GERMANY,13,MF,1989-09-13,MÜLLER,FC Bayern München,186,75,GER,Moscow,29,91,21.6788068
GERMANY,14,MF,1995-02-06,GORETZKA,FC Schalke 04,189,76,GER,Moscow,23,15,21.27600011
GERMANY,15,DF,1995-09-03,SÜLE,FC Bayern München,195,89,GER,Moscow,23,11,23.40565417
GERMANY,16,DF,1993-03-03,RÜDIGER,Chelsea FC,191,85,ENG,Moscow,25,24,23.2997999
GERMANY,17,DF,1988-09-03,BOATENG,FC Bayern München,192,90,GER,Moscow,30,71,24.4140625
GERMANY,18,DF,1995-02-08,KIMMICH,FC Bayern München,176,72,GER,Moscow,23,29,23.24380165
GERMANY,19,MF,1990-02-28,RUDY,FC Bayern München,179,74,GER,Moscow,28,25,23.09540901
GERMANY,2,DF,1992-01-26,PLATTENHARDT,Hertha BSC,181,76,GER,Moscow,26,6,23.19831507
GERMANY,20,MF,1996-05-02,BRANDT,Bayer 04 Leverkusen,183,82,GER,Moscow,22,16,24.48565201
GERMANY,21,MF,1990-10-24,GÜNDOGAN,Manchester City FC,180,79,ENG,Moscow,28,26,24.38271605
GERMANY,22,GK,1992-04-30,TER STEGEN,FC Barcelona,187,85,ESP,Moscow,26,20,24.30724356
GERMANY,23,FW,1985-07-10,GOMEZ,VfB Stuttgart,189,82,GER,Moscow,33,75,22.95568433
GERMANY,3,DF,1990-05-27,HECTOR,1. FC Köln,185,75,GER,Moscow,28,38,21.9138057
GERMANY,4,DF,1994-01-19,GINTER,VfL Borussia Mönchengladbach,189,85,GER,Moscow,24,18,23.79552644
GERMANY,5,DF,1988-12-16,HUMMELS,FC Bayern München,192,90,GER,Moscow,29,64,24.4140625
GERMANY,6,MF,1987-04-04,KHEDIRA,Juventus FC,189,81,ITA,Moscow,31,75,22.67573696
GERMANY,7,MF,1993-09-20,DRAXLER,Paris Saint-Germain FC,185,74,FRA,Moscow,25,44,21.62162162
GERMANY,8,MF,1990-01-04,KROOS,Real Madrid CF,182,78,ESP,Moscow,28,83,23.54788069
GERMANY,9,FW,1996-03-06,WERNER,RB Leipzig,181,75,GER,Moscow,22,14,22.89307408
ICELAND,1,GK,1984-04-27,HALLDORSSON,Randers FC,193,88,DEN,Moscow,34,49,23.6247953
ICELAND,10,MF,1989-09-08,G. SIGURDSSON,Everton FC,186,82,ENG,Moscow,29,57,23.7021621
ICELAND,11,FW,1989-02-01,FINNBOGASON,FC Augsburg,185,79,GER,Moscow,29,47,23.082542
ICELAND,12,GK,1995-01-19,SCHRAM,Roskilde BK,198,92,DEN,Moscow,23,4,23.46699316
ICELAND,13,GK,1995-02-18,RÚNARSSON,FC Nordsjaelland,186,76,DEN,Moscow,23,3,21.96785756
ICELAND,14,DF,1982-10-13,ARNASON,Aberdeen FC,191,82,SCO,Moscow,36,67,22.47745402
ICELAND,15,DF,1990-08-06,EYJÓLFSSON,Levski Sofia,188,81,BUL,Moscow,28,10,22.91760978
ICELAND,16,MF,1983-04-01,Ó. SKÚLASON,Karabukspor,184,79,TUR,Moscow,35,36,23.33412098
ICELAND,17,MF,1989-04-22,GUNNARSSON,Cardiff City FC,181,86,WAL,Moscow,29,77,26.25072495
ICELAND,18,DF,1993-02-11,MAGNÚSSON,Bristol City FC,191,85,ENG,Moscow,25,16,23.2997999
ICELAND,19,MF,1988-02-25,GISLASON,SV Sandhausen,184,78,GER,Moscow,30,47,23.03875236
ICELAND,2,DF,1984-11-11,SÆVARSSON,Valur Reykjavik,186,75,ISL,Moscow,34,79,21.6788068
ICELAND,20,MF,1984-06-29,HALLFREDSSON,Udinese Calcio,186,86,ITA,Moscow,34,64,24.85836513
ICELAND,21,MF,1993-04-30,TRAUSTASON,Malmö FF,183,73,SWE,Moscow,25,19,21.79820239
ICELAND,22,FW,1992-05-25,BÖDVARSSON,Reading FC,189,89,ENG,Moscow,26,38,24.91531592
ICELAND,23,DF,1987-05-14,A. SKÚLASON,KSC Lokeren,170,63,BEL,Moscow,31,56,21.79930796
ICELAND,3,MF,1996-02-22,FRIDJÓNSSON,Valerenga IF,185,78,NOR,Moscow,22,4,22.79035793
ICELAND,4,MF,1997-06-15,A. GUDMUNDSSON,PSV Eindhoven,177,80,NED,Moscow,21,5,25.53544639
ICELAND,5,DF,1993-08-05,INGASON,FC Rostov,188,80,RUS,Moscow,25,20,22.63467632
ICELAND,6,DF,1986-06-19,R. SIGURDSSON,FC Rostov,187,86,RUS,Moscow,32,77,24.59321113
ICELAND,7,MF,1990-10-27,J. GUDMUNDSSON,Burnley FC,179,77,ENG,Moscow,28,67,24.03170937
ICELAND,8,MF,1988-05-27,B. BJARNASON,Aston Villa FC,183,77,ENG,Moscow,30,67,22.99262444
ICELAND,9,FW,1991-02-26,SIGURDARSON,FC Rostov,187,85,RUS,Moscow,27,12,24.30724356
IRAN,1,GK,1992-09-21,A. BEIRANVAND,Persepolis FC,194,85,IRN,Moscow,26,22,22.58475927
IRAN,10,FW,1990-04-03,KARIM,Olympiacos Piraeus FC,187,80,GRE,Moscow,28,64,22.8774057
IRAN,11,MF,1988-04-02,V. AMIRI,Persepolis FC,179,71,IRN,Moscow,30,36,22.15910864
IRAN,12,GK,1989-05-18,RASHID,Zob Ahan Isfahan FC,192,84,IRN,Moscow,29,3,22.78645833
IRAN,13,DF,1991-05-11,M.R. KHANZADEH,Padideh FC,186,80,IRN,Moscow,27,11,23.12406059
IRAN,14,FW,1993-09-06,GHODDOS,IFK Östersund FK,177,79,SWE,Moscow,25,8,25.21625331
IRAN,15,DF,1983-09-06,P. MONTAZERI,Esteghlal Tehran FC,185,77,IRN,Moscow,35,46,22.49817385
IRAN,16,FW,1987-09-20,REZA,SC Heerenveen,180,79,NED,Moscow,31,43,24.38271605
IRAN,17,FW,1992-07-18,MEHDI,Al Gharafa SC,187,80,QAT,Moscow,26,26,22.8774057
IRAN,18,FW,1993-08-11,A. JAHANBAKHSH,AZ Alkmaar,180,77,NED,Moscow,25,38,23.7654321
IRAN,19,DF,1996-06-20,M. HOSSEINI,Esteghlal Tehran FC,183,78,IRN,Moscow,22,1,23.29122996
IRAN,2,MF,1994-09-10,M. TORABI,Saipa Alborz FC,185,71,IRN,Moscow,24,17,20.74506939
IRAN,20,FW,1995-01-01,SARDAR,FC Rubin Kazan,186,80,RUS,Moscow,23,33,23.12406059
IRAN,21,FW,1986-07-05,DEJAGAH,Nottingham Forest FC,181,78,ENG,Moscow,32,46,23.80879705
IRAN,22,GK,1993-04-26,ABEDZADEH,CS Maritimo,186,80,POR,Moscow,25,1,23.12406059
IRAN,23,DF,1990-03-21,RAMIN,KV Oostende,185,75,BEL,Moscow,28,28,21.9138057
IRAN,3,DF,1990-02-25,HAJI SAFI,Olympiacos Piraeus FC,178,75,GRE,Moscow,28,94,23.67125363
IRAN,4,DF,1993-07-24,R. CHESHMI,Esteghlal Tehran FC,192,80,IRN,Moscow,25,10,21.70138889
IRAN,5,DF,1993-09-29,M. MOHAMMADI,FC Akhmat Grozny,178,69,RUS,Moscow,25,19,21.77755334
IRAN,6,MF,1996-10-01,S. EZATOLAHI,FK Amkar Perm,190,82,RUS,Moscow,22,25,22.71468144
IRAN,7,MF,1984-06-09,SHOJAEI M.,AEK Athens,187,79,GRE,Moscow,34,74,22.59143813
IRAN,8,DF,1992-04-19,M. POURALIGANJI,Al Sadd SC,187,83,QAT,Moscow,26,27,23.73530842
IRAN,9,MF,1987-09-16,OMID,Esteghlal Tehran FC,178,75,IRN,Moscow,31,30,23.67125363
JAPAN,1,GK,1983-03-20,KAWASHIMA,FC Metz,185,74,FRA,Moscow,35,84,21.62162162
JAPAN,10,MF,1989-03-17,KAGAWA,Borussia Dortmund,175,68,GER,Moscow,29,92,22.20408163
JAPAN,11,MF,1992-05-06,USAMI,Fortuna Düsseldorf,178,72,GER,Moscow,26,24,22.72440348
JAPAN,12,GK,1986-05-12,HIGASHIGUCHI,Gamba Osaka,184,78,JPN,Moscow,32,5,23.03875236
JAPAN,13,FW,1992-07-15,MUTO,FSV Mainz 05,179,72,GER,Moscow,26,24,22.47120876
JAPAN,14,MF,1988-06-02,INUI,SD Eibar,169,59,ESP,Moscow,30,27,20.65754
JAPAN,15,FW,1990-05-18,OSAKO,1. FC Köln,182,71,GER,Moscow,28,29,21.43460935
JAPAN,16,MF,1990-10-06,YAMAGUCHI,Cerezo Osaka,173,72,JPN,Moscow,28,42,24.05693475
JAPAN,17,MF,1984-01-18,HASEBE,Eintracht Frankfurt,180,72,GER,Moscow,34,110,22.22222222
JAPAN,18,MF,1993-01-23,OHSHIMA,Kawasaki Frontale,168,64,JPN,Moscow,25,5,22.67573696
JAPAN,19,DF,1990-04-12,H. SAKAI,Olympique Marseille,183,70,FRA,Moscow,28,43,20.90238586
JAPAN,2,DF,1994-10-24,UEDA,Kashima Antlers,186,79,JPN,Moscow,24,4,22.83500983
JAPAN,20,DF,1987-05-11,MAKINO,Urawa Reds,182,77,JPN,Moscow,31,32,23.24598478
JAPAN,21,DF,1991-03-14,G. SAKAI,Hamburger SV,176,74,GER,Moscow,27,41,23.88946281
JAPAN,22,DF,1988-08-24,YOSHIDA,Southampton FC,189,78,ENG,Moscow,30,82,21.83589485
JAPAN,23,GK,1995-02-27,NAKAMURA,Kashiwa Reysol,184,72,JPN,Moscow,23,4,21.26654064
JAPAN,3,DF,1992-12-11,SHOJI,Kashima Antlers,182,74,JPN,Moscow,26,11,22.34029707
JAPAN,4,MF,1986-06-13,HONDA,CF Pachuca,182,74,MEX,Moscow,32,95,22.34029707
JAPAN,5,DF,1986-09-12,NAGATOMO,Galatasaray SK,170,68,TUR,Moscow,32,105,23.52941176
JAPAN,6,DF,1993-02-09,ENDO,Urawa Reds,178,75,JPN,Moscow,25,12,23.67125363
JAPAN,7,MF,1992-05-28,SHIBASAKI,Getafe CF,175,64,ESP,Moscow,26,18,20.89795918
JAPAN,8,MF,1991-05-09,HARAGUCHI,Fortuna Düsseldorf,178,68,GER,Moscow,27,33,21.46193662
JAPAN,9,FW,1986-04-16,OKAZAKI,Leicester City FC,174,70,ENG,Moscow,32,113,23.1206236
MEXICO,1,GK,1981-01-26,J. CORONA,Cruz Azul,182,80,MEX,Moscow,37,52,24.1516725
MEXICO,10,MF,1989-05-11,G. DOS SANTOS,LA Galaxy,178,70,USA,Moscow,29,105,22.09317005
MEXICO,11,FW,1989-03-01,CARLOS V,Los Angeles FC,178,78,USA,Moscow,29,68,24.61810377
MEXICO,12,GK,1982-09-18,A. TALAVERA,Deportivo Toluca FC,188,84,MEX,Moscow,36,27,23.76641014
MEXICO,13,GK,1985-07-13,G. OCHOA,Standard Liège,185,76,BEL,Moscow,33,94,22.20598977
MEXICO,14,FW,1988-06-01,J. HERNÁNDEZ,West Ham United FC,175,71,ENG,Moscow,30,102,23.18367347
MEXICO,15,DF,1988-01-17,H. MORENO,Real Sociedad,182,82,ESP,Moscow,30,92,24.75546432
MEXICO,16,DF,1990-04-19,H. HERRERA,FC Porto,180,79,POR,Moscow,28,66,24.38271605
MEXICO,17,MF,1993-01-06,JESÚS C.,FC Porto,174,69,POR,Moscow,25,36,22.79032897
MEXICO,18,MF,1986-09-28,A. GUARDADO,Real Betis,167,63,ESP,Moscow,32,145,22.58955144
MEXICO,19,FW,1984-01-12,O. PERALTA,Club América,178,72,MEX,Moscow,34,67,22.72440348
MEXICO,2,DF,1987-03-31,H. AYALA,Tigres UANL,188,82,MEX,Moscow,31,43,23.20054323
MEXICO,20,MF,1990-02-11,J. AQUINO,Tigres UANL,166,59,MEX,Moscow,28,53,21.41094498
MEXICO,21,DF,1997-10-24,E. ÁLVAREZ,Club América,186,72,MEX,Moscow,21,13,20.81165453
MEXICO,22,FW,1995-07-30,H. LOZANO,PSV Eindhoven,176,66,NED,Moscow,23,28,21.30681818
MEXICO,23,MF,1994-08-15,J. GALLARDO,Pumas UNAM,177,74,MEX,Moscow,24,23,23.62028791
MEXICO,3,DF,1993-09-29,C. SALCEDO,Eintracht Frankfurt,189,83,GER,Moscow,25,21,23.2356317
MEXICO,4,DF,1979-02-13,R. MÁRQUEZ,CF Atlas,184,77,MEX,Moscow,39,145,22.74338374
MEXICO,5,DF,1992-09-19,D. REYES,FC Porto,190,77,POR,Moscow,26,9,21.32963989
MEXICO,6,MF,1990-04-26,J. DOS SANTOS,LA Galaxy,173,69,USA,Moscow,28,32,23.05456246
MEXICO,7,MF,1988-06-25,M. LAYÚN,Sevilla FC,180,72,ESP,Moscow,30,64,22.22222222
MEXICO,8,FW,1989-07-21,M. FABIÁN,Eintracht Frankfurt,171,70,GER,Moscow,29,39,23.93898977
MEXICO,9,FW,1991-05-05,RAÚL,SL Benfica,188,79,POR,Moscow,27,63,22.35174287
MOROCCO,1,GK,1991-04-05,BOUNOU,Girona FC,190,77,ESP,Moscow,27,11,21.32963989
MOROCCO,10,MF,1990-02-25,BELHANDA,Galatasaray SK,174,75,TUR,Moscow,28,47,24.77209671
MOROCCO,11,MF,1988-08-01,FAJR,Getafe CF,178,72,ESP,Moscow,30,23,22.72440348
MOROCCO,12,GK,1989-05-10,EL KAJOUI,CD Numancia,190,88,ESP,Moscow,29,27,24.3767313
MOROCCO,13,FW,1987-04-24,BOUTAIB,Yeni Malatyaspor,190,80,TUR,Moscow,31,18,22.16066482
MOROCCO,14,MF,1984-08-15,BOUSSOUFA,Al Jazira,167,59,UAE,Moscow,34,59,21.1552942
MOROCCO,15,MF,1996-07-07,AIT BENNASSER,SM Caen,184,75,FRA,Moscow,22,14,22.1526465
MOROCCO,16,MF,1987-03-31,N. AMRABAT,CD Leganés,178,77,ESP,Moscow,31,44,24.30248706
MOROCCO,17,DF,1986-02-25,DIRAR,Fenerbahce SK,187,82,TUR,Moscow,32,34,23.44934084
MOROCCO,18,MF,1997-06-18,HARIT,FC Schalke 04,179,66,GER,Moscow,21,6,20.59860803
MOROCCO,19,FW,1997-06-01,EN-NESYRI,Malaga CF,188,75,ESP,Moscow,21,16,21.22000905
MOROCCO,2,DF,1998-11-04,HAKIMI,Real Madrid CF,179,65,ESP,Moscow,20,10,20.28650791
MOROCCO,20,FW,1987-03-30,BOUHADDOUZ,FC St. Pauli,188,80,GER,Moscow,31,15,22.63467632
MOROCCO,21,MF,1996-08-21,S. AMRABAT,Feyenoord Rotterdam,183,77,NED,Moscow,22,6,22.99262444
MOROCCO,22,GK,1996-04-05,TAGNAOUTI,IRT Tanger,186,70,MAR,Moscow,22,2,20.23355301
MOROCCO,23,MF,1989-07-01,CARCELA,Standard Liège,176,67,BEL,Moscow,29,20,21.62964876
MOROCCO,3,DF,1997-10-21,MENDYL,Lille OSC,179,70,FRA,Moscow,21,13,21.84700852
MOROCCO,4,DF,1986-05-06,DA COSTA,Istanbul Ba?ak?ehir FK,187,78,TUR,Moscow,32,28,22.30547056
MOROCCO,5,DF,1987-04-17,BENATIA,Juventus FC,188,88,ITA,Moscow,31,57,24.89814396
MOROCCO,6,DF,1990-03-26,SAISS,Wolverhampton Wanderers FC,190,76,ENG,Moscow,28,24,21.05263158
MOROCCO,7,MF,1993-03-19,ZIYACH,AFC Ajax,180,70,NED,Moscow,25,18,21.60493827
MOROCCO,8,MF,1985-01-27,EL AHMADI,Feyenoord Rotterdam,179,78,NED,Moscow,33,51,24.34380949
MOROCCO,9,FW,1993-06-25,EL KAABI,RS Berkane,182,72,MAR,Moscow,25,10,21.73650525
NIGERIA,1,GK,1988-10-16,EZENWA,Enyimba FC,181,80,NGA,Moscow,30,24,24.41927902
NIGERIA,10,MF,1987-04-22,MIKEL,Tianjin Teda,188,82,CHN,Moscow,31,85,23.20054323
NIGERIA,11,FW,1990-12-12,MOSES,Chelsea FC,177,75,ENG,Moscow,28,34,23.93948099
NIGERIA,12,DF,1993-03-12,SHEHU,Bursaspor,182,75,TUR,Moscow,25,25,22.64219297
NIGERIA,13,FW,1992-05-07,NWANKWO,FC Crotone,197,89,ITA,Moscow,26,2,22.93282486
NIGERIA,14,FW,1996-03-10,IHEANACHO,Leicester City FC,183,80,ENG,Moscow,22,18,23.88844098
NIGERIA,15,MF,1991-05-22,OBI,Torino FC,177,77,ITA,Moscow,27,17,24.57786715
NIGERIA,16,GK,1986-03-08,AKPEYI,Chippa United FC,187,94,RSA,Moscow,32,7,26.8809517
NIGERIA,17,MF,1992-12-25,ONAZI,Trabzonspor,172,74,TUR,Moscow,25,52,25.01352082
NIGERIA,18,FW,1996-05-03,IWOBI,Arsenal FC,185,86,ENG,Moscow,22,19,25.12783053
NIGERIA,19,MF,1988-04-20,OGU,Hapoel Be'er Sheva FC,191,90,ISR,Moscow,30,20,24.67037636
NIGERIA,2,DF,1992-05-18,IDOWU,FK Amkar Perm,179,75,RUS,Moscow,26,5,23.40750913
NIGERIA,20,DF,1997-01-01,AWAZIEM,FC Nantes,192,76,FRA,Moscow,21,4,20.61631944
NIGERIA,21,DF,1995-12-16,EBUEHI,ADO Den Haag,187,74,NED,Moscow,22,7,21.16160027
NIGERIA,22,DF,1993-10-17,OMERUO,Kasimpasa SK,185,82,TUR,Moscow,25,39,23.95909423
NIGERIA,23,GK,1998-10-28,UZOHO,Deportivo La Coruña,196,91,ESP,Moscow,20,6,23.68804665
NIGERIA,3,DF,1988-01-20,ECHIEJILE,Cercle Brugge,185,82,BEL,Moscow,30,62,23.95909423
NIGERIA,4,MF,1996-12-16,NDIDI,Leicester City FC,184,73,ENG,Moscow,21,17,21.56190926
NIGERIA,5,DF,1993-09-01,EKONG,Bursaspor,191,85,TUR,Moscow,25,22,23.2997999
NIGERIA,6,DF,1988-06-28,BALOGUN,FSV Mainz 05,190,89,GER,Moscow,30,19,24.65373961
NIGERIA,7,FW,1992-10-14,MUSA,CSKA Moscow,173,65,RUS,Moscow,26,72,21.71806609
NIGERIA,8,MF,1995-11-09,ETEBO,UD Las Palmas,174,74,ESP,Moscow,23,14,24.44180209
NIGERIA,9,FW,1989-06-16,IGHALO,Changchun Yatai,188,83,CHN,Moscow,29,19,23.48347669
PANAMA,1,GK,1981-09-26,PENEDO,Dinamo Bucharest,183,70,ROU,Moscow,37,131,20.90238586
PANAMA,10,FW,1997-05-12,DIAZ,Deportivo La Coruña,181,72,ESP,Moscow,21,11,21.97735112
PANAMA,11,MF,1987-11-26,COOPER,Club Universidad de Chile,173,72,CHI,Moscow,31,98,24.05693475
PANAMA,12,GK,1985-08-14,CALDERON,Chorrillo FC,187,87,PAN,Moscow,33,31,24.8791787
PANAMA,13,DF,1985-02-14,MACHADO,Houston Dynamo,182,78,USA,Moscow,33,76,23.54788069
PANAMA,14,MF,1991-05-30,PIMENTEL,Plaza Amador,189,80,PAN,Moscow,27,23,22.39578959
PANAMA,15,DF,1991-03-31,DAVIS,DAC Dunajska Streda,180,81,SVK,Moscow,27,38,25
PANAMA,16,FW,1993-12-13,ARROYO,LD Alajuelense,183,82,CRC,Moscow,25,33,24.48565201
PANAMA,17,DF,1988-09-07,OVALLE,CD Olimpia,178,75,HON,Moscow,30,25,23.67125363
PANAMA,18,FW,1982-03-28,TEJADA,Sport Boys,183,87,PER,Moscow,36,105,25.97867957
PANAMA,19,MF,1987-12-18,QUINTERO,Universitario Lima,165,62,PER,Moscow,30,5,22.77318641
PANAMA,2,DF,1996-02-11,MURILLO,New York Red Bulls,183,78,USA,Moscow,22,22,23.29122996
PANAMA,20,MF,1990-02-10,GODOY,San Jose Earthquakes,183,82,USA,Moscow,28,88,24.48565201
PANAMA,21,MF,1998-06-19,J. RODRIGUEZ,KAA Gent,180,77,BEL,Moscow,20,2,23.7654321
PANAMA,22,GK,1990-08-05,RODRIGUEZ,San Francisco FC,197,83,PAN,Moscow,28,6,21.38679172
PANAMA,23,DF,1981-02-24,BALOY,CSD Municipal,185,87,GUA,Moscow,37,102,25.42001461
PANAMA,3,DF,1992-03-01,CUMMINGS,San Jose Earthquakes,183,92,USA,Moscow,26,52,27.47170713
PANAMA,4,DF,1995-01-09,ESCOBAR,New York Red Bulls,182,82,USA,Moscow,23,23,24.75546432
PANAMA,5,DF,1986-03-20,R. TORRES,Seattle Sounders FC,188,99,USA,Moscow,32,111,28.01041195
PANAMA,6,MF,1984-05-29,GOMEZ,Atlético Bucaramanga,183,82,COL,Moscow,34,144,24.48565201
PANAMA,7,FW,1981-03-13,PEREZ,CSD Municipal,187,83,GUA,Moscow,37,118,23.73530842
PANAMA,8,MF,1993-10-23,BARCENAS,Cafetaleros de Tapachula,175,72,MEX,Moscow,25,29,23.51020408
PANAMA,9,FW,1988-10-31,G. TORRES,CD Huachipato,180,77,CHI,Moscow,30,72,23.7654321
PERU,1,GK,1990-02-23,GALLESE,CD Tiburones Rojos de Veracruz,189,79,MEX,Moscow,28,38,22.11584222
PERU,10,FW,1984-10-26,FARFAN,FC Lokomotiv Moscow,177,85,RUS,Moscow,34,84,27.13141179
PERU,11,FW,1990-07-25,RUIDIAZ,CA Monarcas Morelia,169,67,MEX,Moscow,28,30,23.45856238
PERU,12,GK,1991-09-27,CACEDA,Deportivo Municipal,184,78,PER,Moscow,27,6,23.03875236
PERU,13,MF,1995-07-28,TAPIA,Feyenoord Rotterdam,185,85,NED,Moscow,23,33,24.83564646
PERU,14,MF,1994-09-29,POLO,Portland Timbers,174,71,USA,Moscow,24,17,23.45091822
PERU,15,DF,1988-11-04,RAMOS,CD Tiburones Rojos de Veracruz,182,72,MEX,Moscow,30,68,21.73650525
PERU,16,MF,1994-09-23,CARTAGENA,CD Tiburones Rojos de Veracruz,179,76,MEX,Moscow,24,3,23.71960925
PERU,17,DF,1990-03-02,ADVINCULA,Lobos BUAP,178,80,MEX,Moscow,28,67,25.2493372
PERU,18,FW,1991-06-14,CARRILLO,Watford FC,182,77,ENG,Moscow,27,46,23.24598478
PERU,19,MF,1990-04-07,YOTUN,Orlando City SC,172,69,USA,Moscow,28,74,23.32341806
PERU,2,DF,1984-03-31,RODRIGUEZ,Atletico Junior,179,78,COL,Moscow,34,74,24.34380949
PERU,20,FW,1994-05-14,FLORES,Aalborg BK,170,72,DEN,Moscow,24,30,24.91349481
PERU,21,GK,1986-03-01,CARVALLO,Universidad Técnica de Cajamarca,182,84,PER,Moscow,32,6,25.35925613
PERU,22,DF,1994-10-26,LOYOLA,FBC Melgar,179,68,PER,Moscow,24,3,21.22280828
PERU,23,MF,1995-04-13,AQUINO,Lobos BUAP,174,71,MEX,Moscow,23,14,23.45091822
PERU,3,DF,1989-05-20,CORZO,Universitario Lima,172,75,PER,Moscow,29,26,25.35154137
PERU,4,DF,1992-01-10,SANTAMARIA,Puebla FC,183,84,MEX,Moscow,26,4,25.08286303
PERU,5,DF,1994-10-24,ARAUJO,Alianza Lima,178,77,PER,Moscow,24,8,24.30248706
PERU,6,DF,1992-08-25,TRAUCO,CR Flamengo,169,74,BRA,Moscow,26,27,25.90945695
PERU,7,MF,1990-07-27,HURTADO,Vitoria Guimaraes,174,66,POR,Moscow,28,33,21.79944511
PERU,8,MF,1991-11-23,CUEVA,Sao Paulo FC,169,69,BRA,Moscow,27,46,24.15881797
PERU,9,FW,1984-01-01,GUERRERO,CR Flamengo,185,88,BRA,Moscow,34,88,25.71219869
POLAND,1,GK,1990-04-18,SZCZESNY,Juventus FC,195,84,ITA,Moscow,28,35,22.09072978
POLAND,10,MF,1990-01-29,KRYCHOWIAK,West Bromwich Albion FC,186,83,ENG,Moscow,28,51,23.99121286
POLAND,11,MF,1988-06-08,GROSICKI,Hull City FC,180,78,ENG,Moscow,30,57,24.07407407
POLAND,12,GK,1987-07-06,BIALKOWSKI,Ipswich Town FC,194,83,ENG,Moscow,31,1,22.05335317
POLAND,13,MF,1989-08-19,RYBUS,FC Lokomotiv Moscow,173,75,RUS,Moscow,29,51,25.05930703
POLAND,14,FW,1991-06-03,TEODORCZYK,RSC Anderlecht,185,78,BEL,Moscow,27,17,22.79035793
POLAND,15,DF,1988-02-03,GLIK,AS Monaco,190,80,FRA,Moscow,30,57,22.16066482
POLAND,16,MF,1985-12-14,BLASZCZYKOWSKI,VfL Wolfsburg,175,71,GER,Moscow,32,99,23.18367347
POLAND,17,MF,1985-02-19,PESZKO,Lechia Gdansk,173,68,POL,Moscow,33,43,22.72043837
POLAND,18,DF,1992-07-12,BERESZYNSKI,UC Sampdoria,182,72,ITA,Moscow,26,8,21.73650525
POLAND,19,MF,1994-05-20,ZIELINSKI,SSC Napoli,177,64,ITA,Moscow,24,33,20.42835711
POLAND,2,DF,1987-09-21,PAZDAN,Legia Warsaw,181,78,POL,Moscow,31,33,23.80879705
POLAND,20,DF,1985-06-03,PISZCZEK,Borussia Dortmund,184,79,GER,Moscow,33,63,23.33412098
POLAND,21,MF,1993-01-29,KURZAWA,Gornik Zabrze,182,73,POL,Moscow,25,3,22.03840116
POLAND,22,GK,1985-04-18,FABIANSKI,Swansea City AFC,190,83,WAL,Moscow,33,45,22.99168975
POLAND,23,FW,1997-03-14,KOWNACKI,UC Sampdoria,185,75,ITA,Moscow,21,2,21.9138057
POLAND,3,DF,1987-11-04,JEDRZEJCZYK,Legia Warsaw,189,78,POL,Moscow,31,36,21.83589485
POLAND,4,DF,1986-04-21,CIONEK,SPAL Ferrara,184,81,ITA,Moscow,32,19,23.92485822
POLAND,5,DF,1996-04-12,BEDNAREK,Southampton FC,189,77,ENG,Moscow,22,3,21.55594748
POLAND,6,MF,1992-09-21,GORALSKI,PFC Ludogorets Razgrad,172,66,BUL,Moscow,26,5,22.30935641
POLAND,7,FW,1994-02-28,MILIK,SSC Napoli,186,81,ITA,Moscow,24,40,23.41311134
POLAND,8,MF,1995-02-02,LINETTY,UC Sampdoria,176,73,ITA,Moscow,23,20,23.56663223
POLAND,9,FW,1988-08-21,LEWANDOWSKI,FC Bayern München,185,79,GER,Moscow,30,95,23.082542
PORTUGAL,1,GK,1988-02-15,RUI PATRICIO,Sporting CP,189,84,POR,Moscow,30,69,23.51557907
PORTUGAL,10,MF,1993-01-19,J. MÁRIO,West Ham United FC,179,73,ENG,Moscow,25,36,22.78330889
PORTUGAL,11,MF,1994-08-10,BERNARDO,Manchester City FC,173,65,ENG,Moscow,24,25,21.71806609
PORTUGAL,12,GK,1990-10-01,LOPES,Olympique Lyon,184,81,FRA,Moscow,28,7,23.92485822
PORTUGAL,13,DF,1997-05-14,RUBEN DIAS,SL Benfica,187,83,POR,Moscow,21,1,23.73530842
PORTUGAL,14,MF,1992-04-07,WILLIAM,Sporting CP,190,80,POR,Moscow,26,43,22.16066482
PORTUGAL,15,DF,1993-10-06,RICARDO,FC Porto,174,70,POR,Moscow,25,4,23.1206236
PORTUGAL,16,MF,1994-09-08,B. FERNANDES,Sporting CP,183,64,POR,Moscow,24,6,19.11075278
PORTUGAL,17,FW,1996-11-29,G. GUEDES,Valencia CF,179,72,ESP,Moscow,22,10,22.47120876
PORTUGAL,18,FW,1995-05-11,GELSON,Sporting CP,173,63,POR,Moscow,23,18,21.0498179
PORTUGAL,19,DF,1991-05-27,MÁRIO RUI,SSC Napoli,168,67,ITA,Moscow,27,4,23.73866213
PORTUGAL,2,DF,1981-11-27,B. ALVES,Rangers FC,187,83,SCO,Moscow,37,96,23.73530842
PORTUGAL,20,FW,1983-09-26,QUARESMA,Besiktas JK,175,73,TUR,Moscow,35,77,23.83673469
PORTUGAL,21,DF,1991-08-31,CÉDRIC,Southampton FC,172,67,ENG,Moscow,27,29,22.64737696
PORTUGAL,22,GK,1982-05-01,BETO,Goztepe SK,183,79,TUR,Moscow,36,14,23.58983547
PORTUGAL,23,MF,1989-03-15,ADRIEN,Leicester City FC,176,72,ENG,Moscow,29,23,23.24380165
PORTUGAL,3,DF,1983-02-26,PEPE,Besiktas JK,188,81,TUR,Moscow,35,95,22.91760978
PORTUGAL,4,MF,1986-02-05,M. FERNANDES,FC Lokomotiv Moscow,174,69,RUS,Moscow,32,14,22.79032897
PORTUGAL,5,DF,1993-12-22,RAPHAEL,Borussia Dortmund,170,64,GER,Moscow,24,24,22.14532872
PORTUGAL,6,DF,1983-12-22,FONTE,Dalian Yifang FC,191,84,CHN,Moscow,34,31,23.0256846
PORTUGAL,7,FW,1985-02-05,RONALDO,Real Madrid CF,185,80,ESP,Moscow,33,150,23.37472608
PORTUGAL,8,MF,1986-09-08,J. MOUTINHO,AS Monaco,170,61,FRA,Moscow,32,110,21.10726644
PORTUGAL,9,FW,1995-11-06,ANDRÉ SILVA,AC Milan,184,78,ITA,Moscow,23,23,23.03875236
RUSSIA,1,GK,1986-04-08,AKINFEEV,CSKA Moscow,185,83,RUS,Moscow,32,106,24.25127831
RUSSIA,10,FW,1990-02-09,SMOLOV,FC Krasnodar,185,79,RUS,Moscow,28,32,23.082542
RUSSIA,11,MF,1994-02-11,ZOBNIN,FC Spartak Moscow,185,77,RUS,Moscow,24,12,22.49817385
RUSSIA,12,GK,1991-11-13,LUNEV,FC Zenit St. Petersburg,189,80,RUS,Moscow,27,3,22.39578959
RUSSIA,13,DF,1987-04-05,KUDRIASHOV,FC Rubin Kazan,187,78,RUS,Moscow,31,19,22.30547056
RUSSIA,14,DF,1987-05-22,GRANAT,FC Rubin Kazan,184,80,RUS,Moscow,31,12,23.6294896
RUSSIA,15,MF,1995-10-17,MIRANCHUK AL.,FC Lokomotiv Moscow,185,77,RUS,Moscow,23,18,22.49817385
RUSSIA,16,MF,1995-10-17,MIRANCHUK AN.,FC Lokomotiv Moscow,182,67,RUS,Moscow,23,6,20.22702572
RUSSIA,17,MF,1996-05-30,GOLOVIN,CSKA Moscow,178,70,RUS,Moscow,22,19,22.09317005
RUSSIA,18,MF,1983-08-20,ZHIRKOV,FC Zenit St. Petersburg,180,76,RUS,Moscow,35,84,23.45679012
RUSSIA,19,MF,1984-07-19,SAMEDOV,FC Spartak Moscow,178,74,RUS,Moscow,34,48,23.35563691
RUSSIA,2,DF,1990-09-19,FERNANDES,CSKA Moscow,187,79,RUS,Moscow,28,5,22.59143813
RUSSIA,20,GK,1983-10-19,GABULOV,Club Brugge KV,190,81,BEL,Moscow,35,10,22.43767313
RUSSIA,21,MF,1989-10-13,EROKHIN,FC Zenit St. Petersburg,191,79,RUS,Moscow,29,17,21.65510814
RUSSIA,22,FW,1988-08-22,DZYUBA,FC Arsenal Tula,196,90,RUS,Moscow,30,23,23.42773844
RUSSIA,23,DF,1988-08-08,SMOLNIKOV,FC Zenit St. Petersburg,179,72,RUS,Moscow,30,27,22.47120876
RUSSIA,3,DF,1993-07-29,KUTEPOV,FC Spartak Moscow,190,82,RUS,Moscow,25,7,22.71468144
RUSSIA,4,DF,1979-07-14,IGNASHEVICH,CSKA Moscow,186,84,RUS,Moscow,39,122,24.28026361
RUSSIA,5,DF,1989-03-24,SEMENOV,FC Akhmat Grozny,191,87,RUS,Moscow,29,6,23.84803048
RUSSIA,6,MF,1990-12-26,CHERYSHEV,Villarreal CF,173,68,ESP,Moscow,27,11,22.72043837
RUSSIA,7,MF,1993-01-15,KUZIAEV,FC Zenit St. Petersburg,182,74,RUS,Moscow,25,6,22.34029707
RUSSIA,8,MF,1989-07-20,GAZINSKII,FC Krasnodar,180,75,RUS,Moscow,29,6,23.14814815
RUSSIA,9,MF,1990-06-17,DZAGOEV,CSKA Moscow,178,73,RUS,Moscow,28,57,23.0400202
SAUDI ARABIA,1,GK,1987-01-23,ABDULLAH,Al Hilal SFC,178,98,KSA,Moscow,31,11,30.93043808
SAUDI ARABIA,10,FW,1987-01-10,ALSAHLAWI,Al Nassr FC,179,75,KSA,Moscow,31,40,23.40750913
SAUDI ARABIA,11,MF,1986-03-13,ABDULMALEK,Al Hilal SFC,177,73,KSA,Moscow,32,36,23.30109483
SAUDI ARABIA,12,MF,1994-09-22,KANNO,Al Hilal SFC,192,73,KSA,Moscow,24,6,19.80251736
SAUDI ARABIA,13,DF,1992-05-25,YASIR,Al Hilal SFC,170,63,KSA,Moscow,26,37,21.79930796
SAUDI ARABIA,14,MF,1992-08-03,OTAYF,Al Hilal SFC,177,66,KSA,Moscow,26,16,21.06674327
SAUDI ARABIA,15,MF,1996-08-16,ALKHAIBARI,Al Shabab FC,175,66,KSA,Moscow,22,5,21.55102041
SAUDI ARABIA,16,MF,1988-03-24,HUSSAIN,Al Ahli SC,174,76,KSA,Moscow,30,18,25.10239133
SAUDI ARABIA,17,MF,1984-07-25,TAISEER,Al Ahli SC,169,69,KSA,Moscow,34,132,24.15881797
SAUDI ARABIA,18,MF,1991-08-19,SALEM,Villarreal CF,174,68,ESP,Moscow,27,33,22.46003435
SAUDI ARABIA,19,FW,1994-09-14,FAHAD,Levante UD,168,65,ESP,Moscow,24,45,23.03004535
SAUDI ARABIA,2,DF,1987-10-19,MANSOUR,Al Ahli SC,173,68,KSA,Moscow,31,40,22.72043837
SAUDI ARABIA,20,FW,1986-10-14,MUHANNAD,Al Ahli SC,185,79,KSA,Moscow,32,18,23.082542
SAUDI ARABIA,21,GK,1984-02-27,ALMOSAILEM,Al Ahli SC,186,88,KSA,Moscow,34,32,25.43646664
SAUDI ARABIA,22,GK,1991-10-10,ALOWAIS,Al Ahli SC,187,79,KSA,Moscow,27,6,22.59143813
SAUDI ARABIA,23,DF,1992-02-17,MOTAZ,Al Ahli SC,180,79,KSA,Moscow,26,17,24.38271605
SAUDI ARABIA,3,DF,1984-03-31,OSAMA,Al Hilal SFC,188,83,KSA,Moscow,34,135,23.48347669
SAUDI ARABIA,4,DF,1989-11-21,ALI,Al Hilal SFC,182,83,KSA,Moscow,29,4,25.05736022
SAUDI ARABIA,5,DF,1985-09-27,OMAR,Al Nassr FC,185,76,KSA,Moscow,33,42,22.20598977
SAUDI ARABIA,6,DF,1992-09-15,ALBURAYK,Al Hilal SFC,173,61,KSA,Moscow,26,11,20.38156971
SAUDI ARABIA,7,MF,1989-08-01,SALMAN,Al Hilal SFC,179,63,KSA,Moscow,29,43,19.66230767
SAUDI ARABIA,8,MF,1990-06-26,YAHIA,CD Leganés,165,63,ESP,Moscow,28,57,23.14049587
SAUDI ARABIA,9,MF,1992-07-16,HATAN,Al Shabab FC,170,66,KSA,Moscow,26,5,22.83737024
SENEGAL,1,GK,1992-03-30,DIALLO,Stade Rennais FC,189,79,FRA,Moscow,26,17,22.11584222
SENEGAL,10,FW,1992-04-10,MANE,Liverpool FC,175,69,ENG,Moscow,26,53,22.53061224
SENEGAL,11,MF,1986-03-29,CH. NDOYE,Birmingham City FC,192,90,ENG,Moscow,32,26,24.4140625
SENEGAL,12,DF,1993-03-05,SABALY,FC Girondins Bordeaux,174,71,FRA,Moscow,25,5,23.45091822
SENEGAL,13,MF,1990-03-06,A. NDIAYE,Wolverhampton Wanderers FC,186,80,ENG,Moscow,28,21,23.12406059
SENEGAL,14,FW,1993-04-03,KONATE,Amiens SC,180,78,FRA,Moscow,25,28,24.07407407
SENEGAL,15,FW,1989-12-24,SAKHO,Stade Rennais FC,184,79,FRA,Moscow,28,12,23.33412098
SENEGAL,16,GK,1985-04-05,KH. NDIAYE,Horoya AC,185,80,GUI,Moscow,33,26,23.37472608
SENEGAL,17,MF,1990-10-27,P.A. NDIAYE,Stoke City FC,181,74,ENG,Moscow,28,20,22.58783309
SENEGAL,18,FW,1998-02-25,ISMAÏLA,Stade Rennais FC,175,70,FRA,Moscow,20,16,22.85714286
SENEGAL,19,FW,1994-12-19,NIANG,Torino FC,184,74,ITA,Moscow,23,7,21.85727788
SENEGAL,2,DF,1989-06-15,CISS,Valenciennes FC,173,69,FRA,Moscow,29,6,23.05456246
SENEGAL,20,FW,1995-03-08,KEÏTA BALDE,AS Monaco,181,77,FRA,Moscow,23,19,23.50355606
SENEGAL,21,DF,1989-10-20,GASSAMA,Adanaspor,181,74,TUR,Moscow,29,36,22.58783309
SENEGAL,22,DF,1998-10-04,M. WAGUE,KAS Eupen,177,70,BEL,Moscow,20,10,22.34351559
SENEGAL,23,GK,1993-09-05,GOMIS,SPAL Ferrara,196,80,ITA,Moscow,25,1,20.82465639
SENEGAL,3,DF,1991-06-20,KOULIBALY,SSC Napoli,195,89,ITA,Moscow,27,26,23.40565417
SENEGAL,4,DF,1989-11-22,KARA,RSC Anderlecht,192,85,BEL,Moscow,29,52,23.05772569
SENEGAL,5,MF,1989-09-26,GANA,Everton FC,174,64,ENG,Moscow,29,61,21.13885586
SENEGAL,6,MF,1990-08-25,S. SANE,Hannover 96,196,84,GER,Moscow,28,22,21.86588921
SENEGAL,7,FW,1986-01-19,SOW,Bursaspor,180,75,TUR,Moscow,32,51,23.14814815
SENEGAL,8,MF,1989-12-21,C. KOUYATE,West Ham United FC,189,75,ENG,Moscow,28,48,20.99605274
SENEGAL,9,FW,1987-12-16,M. DIOUF,Stoke City FC,185,81,ENG,Moscow,30,49,23.66691015
SERBIA,1,GK,1983-07-28,STOJKOVI?,FK Partizan,195,92,SRB,Moscow,35,81,24.19460881
SERBIA,10,MF,1988-11-20,TADI?,Southampton FC,181,76,ENG,Moscow,30,53,23.19831507
SERBIA,11,DF,1985-11-10,KOLAROV,AS Roma,187,83,ITA,Moscow,33,76,23.73530842
SERBIA,12,GK,1995-10-31,RAJKOVI?,Maccabi Tel-Aviv FC,191,85,ISR,Moscow,23,8,23.2997999
SERBIA,13,DF,1995-09-26,VELJKOVI?,SV Werder Bremen,188,77,GER,Moscow,23,2,21.78587596
SERBIA,14,DF,1991-04-02,RODI?,FK Crvena Zvezda,185,69,SRB,Moscow,27,1,20.16070124
SERBIA,15,DF,1997-10-12,MILENKOVI?,ACF Fiorentina,195,90,ITA,Moscow,21,3,23.66863905
SERBIA,16,MF,1996-04-13,GRUJI?,Cardiff City FC,190,82,WAL,Moscow,22,8,22.71468144
SERBIA,17,MF,1992-11-01,KOSTI?,Hamburger SV,184,82,GER,Moscow,26,23,24.22022684
SERBIA,18,FW,1996-02-15,RADONJI?,FK Crvena Zvezda,185,76,SRB,Moscow,22,3,22.20598977
SERBIA,19,FW,1997-12-23,JOVI?,Eintracht Frankfurt,181,75,GER,Moscow,20,1,22.89307408
SERBIA,2,DF,1984-01-26,RUKAVINA,Villarreal CF,177,71,ESP,Moscow,34,47,22.66270867
SERBIA,20,MF,1995-02-27,SERGEJ,SS Lazio,192,76,ITA,Moscow,23,4,20.61631944
SERBIA,21,MF,1988-08-01,MATI?,Manchester United FC,194,86,ENG,Moscow,30,40,22.85046232
SERBIA,22,MF,1991-09-29,LJAJI?,Torino FC,182,74,ITA,Moscow,27,29,22.34029707
SERBIA,23,GK,1992-01-24,DMITROVI?,SD Eibar,194,90,ESP,Moscow,26,2,23.91327452
SERBIA,3,DF,1985-01-19,TOŠI?,Besiktas JK,185,79,TUR,Moscow,33,24,23.082542
SERBIA,4,MF,1991-04-07,MILIVOJEVI?,Crystal Palace FC,186,80,ENG,Moscow,27,28,23.12406059
SERBIA,5,DF,1993-02-13,SPAJI?,RSC Anderlecht,188,82,BEL,Moscow,25,5,23.20054323
SERBIA,6,DF,1984-02-22,IVANOVI?,FC Zenit St. Petersburg,185,89,RUS,Moscow,34,103,26.00438276
SERBIA,7,MF,1996-07-11,ŽIVKOVI?,SL Benfica,169,68,POR,Moscow,22,10,23.80869017
SERBIA,8,FW,1990-04-21,PRIJOVI?,PAOK FC,191,88,GRE,Moscow,28,9,24.12214577
SERBIA,9,FW,1994-09-16,MITROVI?,Fulham FC,189,82,ENG,Moscow,24,37,22.95568433
SOUTH KOREA,1,GK,1990-09-30,S G KIM,Vissel Kobe,187,80,JPN,Moscow,28,33,22.8774057
SOUTH KOREA,10,MF,1998-01-06,S W LEE,Hellas Verona FC,170,63,ITA,Moscow,20,4,21.79930796
SOUTH KOREA,11,FW,1996-01-26,H C HWANG,FC Red Bull Salzburg,177,77,AUT,Moscow,22,14,24.57786715
SOUTH KOREA,12,DF,1990-02-25,M W KIM,Sangju Sangmu FC,172,69,KOR,Moscow,28,20,23.32341806
SOUTH KOREA,13,MF,1989-02-27,J C KOO,FC Augsburg,182,73,GER,Moscow,29,68,22.03840116
SOUTH KOREA,14,DF,1990-09-17,C HONG,Sangju Sangmu FC,176,67,KOR,Moscow,28,14,21.62964876
SOUTH KOREA,15,MF,1989-12-14,W Y JUNG,Vissel Kobe,186,78,JPN,Moscow,28,30,22.54595907
SOUTH KOREA,16,MF,1989-01-24,S Y KI,Swansea City AFC,186,75,WAL,Moscow,29,102,21.6788068
SOUTH KOREA,17,MF,1992-08-10,J S LEE,Jeonbuk Hyundai,180,70,KOR,Moscow,26,35,21.60493827
SOUTH KOREA,18,MF,1992-06-09,S M MOON,Incheon United FC,172,68,KOR,Moscow,26,3,22.98539751
SOUTH KOREA,19,DF,1990-02-27,Y G KIM,Guangzhou Evergrande FC,184,74,CHN,Moscow,28,53,21.85727788
SOUTH KOREA,2,DF,1986-12-24,Y LEE,Jeonbuk Hyundai,180,74,KOR,Moscow,31,28,22.83950617
SOUTH KOREA,20,DF,1991-09-28,H S JANG,FC Tokyo,187,77,JPN,Moscow,27,51,22.01950299
SOUTH KOREA,21,GK,1987-07-06,J H KIM,Cerezo Osaka,193,82,JPN,Moscow,31,15,22.0140138
SOUTH KOREA,22,DF,1988-03-10,Y H GO,FC Seoul,170,65,KOR,Moscow,30,20,22.49134948
SOUTH KOREA,23,GK,1991-09-25,H W JO,Daegu FC,189,75,KOR,Moscow,27,6,20.99605274
SOUTH KOREA,3,DF,1994-04-03,S H JUNG,Sagan Tosu FC,188,74,JPN,Moscow,24,6,20.9370756
SOUTH KOREA,4,DF,1988-05-20,B S OH,Jeju United,189,79,KOR,Moscow,30,2,22.11584222
SOUTH KOREA,5,DF,1988-10-04,Y S YUN,Seongnam FC,185,78,KOR,Moscow,30,6,22.79035793
SOUTH KOREA,6,DF,1987-01-16,J H PARK,Ulsan Hyundai FC,174,71,KOR,Moscow,31,36,23.45091822
SOUTH KOREA,7,FW,1992-07-08,H M SON,Tottenham Hotspur FC,183,76,ENG,Moscow,26,67,22.69401893
SOUTH KOREA,8,MF,1990-10-30,S J JU,Asan Mugunghwa FC,176,70,KOR,Moscow,28,11,22.5981405
SOUTH KOREA,9,FW,1988-04-14,S W KIM,Jeonbuk Hyundai,197,97,KOR,Moscow,30,50,24.99420238
SPAIN,1,GK,1990-11-07,DE GEA,Manchester United FC,190,71,ENG,Moscow,28,29,19.66759003
SPAIN,10,MF,1991-04-11,THIAGO,FC Bayern München,174,70,GER,Moscow,27,29,23.1206236
SPAIN,11,FW,1991-07-01,LUCAS V.,Real Madrid CF,173,70,ESP,Moscow,27,7,23.38868656
SPAIN,12,DF,1995-12-14,ODRIOZOLA,Real Sociedad,178,67,ESP,Moscow,22,4,21.14631991
SPAIN,13,GK,1994-10-03,ARRIZABALAGA,Athletic Bilbao,189,84,ESP,Moscow,24,1,23.51557907
SPAIN,14,DF,1989-08-28,AZPILICUETA,Chelsea FC,178,78,ENG,Moscow,29,22,24.61810377
SPAIN,15,DF,1986-03-30,RAMOS,Real Madrid CF,183,75,ESP,Moscow,32,152,22.39541342
SPAIN,16,DF,1986-02-26,MONREAL,Arsenal FC,179,72,ENG,Moscow,32,22,22.47120876
SPAIN,17,FW,1987-08-01,IAGO ASPAS,Celta Vigo,176,67,ESP,Moscow,31,10,21.62964876
SPAIN,18,DF,1989-03-21,JORDI ALBA,FC Barcelona,170,68,ESP,Moscow,29,62,23.52941176
SPAIN,19,FW,1988-10-07,DIEGO COSTA,Atletico Madrid,185,86,ESP,Moscow,30,20,25.12783053
SPAIN,2,DF,1992-01-11,CARVAJAL,Real Madrid CF,173,73,ESP,Moscow,26,15,24.39105884
SPAIN,20,MF,1996-01-21,ASENSIO,Real Madrid CF,182,76,ESP,Moscow,22,12,22.94408888
SPAIN,21,FW,1986-01-08,SILVA,Manchester City FC,170,67,ENG,Moscow,32,121,23.183391
SPAIN,22,MF,1992-04-21,ISCO,Real Madrid CF,176,74,ESP,Moscow,26,28,23.88946281
SPAIN,23,GK,1982-08-31,REINA,SSC Napoli,188,92,ITA,Moscow,36,36,26.02987777
SPAIN,3,DF,1987-02-02,PIQUÉ,FC Barcelona,194,85,ESP,Moscow,31,98,22.58475927
SPAIN,4,DF,1990-01-18,NACHO,Real Madrid CF,179,77,ESP,Moscow,28,17,24.03170937
SPAIN,5,MF,1988-07-16,SERGIO,FC Barcelona,189,78,ESP,Moscow,30,103,21.83589485
SPAIN,6,MF,1984-05-11,A. INIESTA,FC Barcelona,171,68,ESP,Moscow,34,127,23.25501864
SPAIN,7,MF,1994-11-21,SAÚL,Atletico Madrid,183,76,ESP,Moscow,24,10,22.69401893
SPAIN,8,MF,1992-01-08,KOKE,Atletico Madrid,176,73,ESP,Moscow,26,40,23.56663223
SPAIN,9,FW,1991-03-06,RODRIGO M.,Valencia CF,182,72,ESP,Moscow,27,6,21.73650525
SWEDEN,1,GK,1990-01-08,OLSEN,FC Kobenhavn,198,89,DEN,Moscow,28,18,22.70176513
SWEDEN,10,MF,1991-10-23,FORSBERG,RB Leipzig,179,78,GER,Moscow,27,36,24.34380949
SWEDEN,11,FW,1992-04-15,GUIDETTI,Deportivo Alavés,185,79,ESP,Moscow,26,20,23.082542
SWEDEN,12,GK,1990-01-28,JOHNSSON,EA Guingamp,187,83,FRA,Moscow,28,5,23.73530842
SWEDEN,13,MF,1987-02-07,SVENSSON,Seattle Sounders FC,183,77,USA,Moscow,31,13,22.99262444
SWEDEN,14,DF,1993-04-22,HELANDER,Bologna FC,192,83,ITA,Moscow,25,4,22.51519097
SWEDEN,15,MF,1992-06-28,HILJEMARK,Genoa CFC,184,73,ITA,Moscow,26,22,21.56190926
SWEDEN,16,DF,1994-08-02,KRAFTH,Bologna FC,181,72,ITA,Moscow,24,13,21.97735112
SWEDEN,17,MF,1992-01-02,CLAESSON,FC Krasnodar,183,79,RUS,Moscow,26,22,23.58983547
SWEDEN,18,DF,1991-02-13,JANSSON,Leeds United FC,194,89,ENG,Moscow,27,15,23.64757147
SWEDEN,19,MF,1991-05-11,ROHDÉN,FC Crotone,182,76,ITA,Moscow,27,12,22.94408888
SWEDEN,2,DF,1986-12-13,LUSTIG,Celtic FC,189,77,SCO,Moscow,32,66,21.55594748
SWEDEN,20,FW,1986-07-03,TOIVONEN,Toulouse FC,192,78,FRA,Moscow,32,59,21.15885417
SWEDEN,21,MF,1989-03-22,DURMAZ,Toulouse FC,180,69,FRA,Moscow,29,45,21.2962963
SWEDEN,22,FW,1992-06-24,KIESE THELIN,KV Waasland-Beveren,189,83,BEL,Moscow,26,20,23.2356317
SWEDEN,23,GK,1989-06-23,NORDFELDT,Swansea City AFC,190,85,WAL,Moscow,29,8,23.54570637
SWEDEN,3,DF,1994-07-17,LINDELÖF,Manchester United FC,187,81,ENG,Moscow,24,21,23.16337327
SWEDEN,4,DF,1985-04-16,GRANQVIST,FC Krasnodar,192,84,RUS,Moscow,33,72,22.78645833
SWEDEN,5,DF,1988-05-17,OLSSON,Swansea City AFC,177,81,WAL,Moscow,30,43,25.85463947
SWEDEN,6,DF,1994-04-21,AUGUSTINSSON,SV Werder Bremen,181,76,GER,Moscow,24,15,23.19831507
SWEDEN,7,MF,1985-06-06,LARSSON,Hull City FC,178,70,ENG,Moscow,33,100,22.09317005
SWEDEN,8,MF,1989-07-28,EKDAL,Hamburger SV,186,75,GER,Moscow,29,34,21.6788068
SWEDEN,9,FW,1986-08-17,BERG,Al Ain FC,183,76,UAE,Moscow,32,57,22.69401893
SWITZERLAND,1,GK,1988-12-17,SOMMER,VfL Borussia Mönchengladbach,183,81,GER,Moscow,29,35,24.18704649
SWITZERLAND,10,MF,1992-09-27,XHAKA,Arsenal FC,183,82,ENG,Moscow,26,62,24.48565201
SWITZERLAND,11,MF,1985-04-19,BEHRAMI,Udinese Calcio,184,78,ITA,Moscow,33,79,23.03875236
SWITZERLAND,12,GK,1994-06-06,MVOGO,RB Leipzig,186,84,GER,Moscow,24,0,24.28026361
SWITZERLAND,13,DF,1992-08-25,RODRIGUEZ,AC Milan,180,79,ITA,Moscow,26,53,24.38271605
SWITZERLAND,14,MF,1991-08-17,ZUBER,TSG 1899 Hoffenheim,182,79,GER,Moscow,27,12,23.8497766
SWITZERLAND,15,MF,1986-04-12,DZEMAILI,Bologna FC,180,77,ITA,Moscow,32,65,23.7654321
SWITZERLAND,16,MF,1986-09-02,G. FERNANDES,Eintracht Frankfurt,180,72,GER,Moscow,32,67,22.22222222
SWITZERLAND,17,MF,1996-11-20,ZAKARIA,VfL Borussia Mönchengladbach,189,77,GER,Moscow,22,10,21.55594748
SWITZERLAND,18,FW,1989-11-24,GAVRANOVIC,GNK Dinamo Zagreb,175,75,CRO,Moscow,29,14,24.48979592
SWITZERLAND,19,FW,1992-08-08,DRMIC,VfL Borussia Mönchengladbach,184,78,GER,Moscow,26,29,23.03875236
SWITZERLAND,2,DF,1984-01-16,LICHTSTEINER,Juventus FC,181,77,ITA,Moscow,34,100,23.50355606
SWITZERLAND,20,DF,1987-01-18,DJOUROU,Antalyaspor AS,192,90,TUR,Moscow,31,74,24.4140625
SWITZERLAND,21,GK,1990-11-14,BÜRKI,Borussia Dortmund,188,83,GER,Moscow,28,9,23.48347669
SWITZERLAND,22,DF,1991-12-20,SCHÄR,Deportivo La Coruña,186,83,ESP,Moscow,26,39,23.99121286
SWITZERLAND,23,MF,1991-10-10,SHAQIRI,Stoke City FC,165,78,ENG,Moscow,27,70,28.65013774
SWITZERLAND,3,DF,1990-06-21,MOUBANDJE,Toulouse FC,180,76,FRA,Moscow,28,18,23.45679012
SWITZERLAND,4,DF,1996-09-30,ELVEDI,VfL Borussia Mönchengladbach,187,77,GER,Moscow,22,6,22.01950299
SWITZERLAND,5,DF,1995-07-19,AKANJI,Borussia Dortmund,186,85,GER,Moscow,23,7,24.56931437
SWITZERLAND,6,DF,1991-02-08,LANG,FC Basel,185,78,SUI,Moscow,27,24,22.79035793
SWITZERLAND,7,FW,1997-02-14,EMBOLO,FC Schalke 04,184,86,GER,Moscow,21,25,25.40170132
SWITZERLAND,8,MF,1992-04-15,FREULER,Atalanta Bergamo,181,75,ITA,Moscow,26,10,22.89307408
SWITZERLAND,9,FW,1992-02-22,SEFEROVIC,SL Benfica,186,88,POR,Moscow,26,51,25.43646664
TUNISIA,1,GK,1989-07-01,BEN MUSTAPHA,Al Shabab FC,192,85,KSA,Moscow,29,15,23.05772569
TUNISIA,10,FW,1991-02-08,KHAZRI,Stade Rennais FC,182,76,FRA,Moscow,27,35,22.94408888
TUNISIA,11,DF,1995-06-19,BRONN,KAA Gent,186,75,BEL,Moscow,23,5,21.6788068
TUNISIA,12,DF,1990-01-01,MAALOUL,Al Ahly SC,170,72,EGY,Moscow,28,46,24.91349481
TUNISIA,13,MF,1992-03-18,SASSI,Al Nassr FC,186,80,KSA,Moscow,26,39,23.12406059
TUNISIA,14,MF,1992-05-03,BEN AMOR,Al Ahli SC,180,75,KSA,Moscow,26,26,23.14814815
TUNISIA,15,FW,1994-12-21,KHALIL,Club Africain,187,75,TUN,Moscow,23,3,21.44756785
TUNISIA,16,GK,1984-09-14,MATHLOUTHI .A,Al Batin FC,182,84,KSA,Moscow,34,70,25.35925613
TUNISIA,17,MF,1995-05-10,SKHIRI JORIS,Montpellier HSC,185,69,FRA,Moscow,23,5,20.16070124
TUNISIA,18,FW,1997-06-25,SRARFI,OGC Nice,176,71,FRA,Moscow,21,5,22.92097107
TUNISIA,19,FW,1986-10-14,KHALIFA,Club Africain,185,72,TUN,Moscow,32,44,21.03725347
TUNISIA,2,DF,1989-03-31,BEN YOUSSEF .S,Kasimpasa SK,189,87,TUR,Moscow,29,42,24.35542118
TUNISIA,20,FW,1994-02-28,CHAALELI,ES Tunis,179,70,TUN,Moscow,24,6,21.84700852
TUNISIA,21,DF,1992-10-28,NAGUEZ,Zamalek,186,75,EGY,Moscow,26,15,21.6788068
TUNISIA,22,GK,1995-03-05,HASSEN,LB Chateauroux,186,70,FRA,Moscow,23,3,20.23355301
TUNISIA,23,FW,1992-07-27,SLITI,Dijon FCO,173,65,FRA,Moscow,26,17,21.71806609
TUNISIA,3,DF,1987-03-28,BEN ALOUANE,Leicester City FC,185,75,ENG,Moscow,31,4,21.9138057
TUNISIA,4,DF,1993-07-02,MERIAH,CS Sfaxien,183,70,TUN,Moscow,25,16,20.90238586
TUNISIA,5,DF,1992-01-28,HADDADI,Dijon FCO,185,76,FRA,Moscow,26,9,22.20598977
TUNISIA,6,DF,1990-01-19,BEDOUI,Étoile du Sahel,187,77,TUN,Moscow,28,8,22.01950299
TUNISIA,7,FW,1995-04-27,KHAOUI,ES Troyes,180,76,FRA,Moscow,23,5,23.45679012
TUNISIA,8,FW,1991-06-23,BEN YOUSSEF .F,Al Ittifaq FC,189,80,KSA,Moscow,27,39,22.39578959
TUNISIA,9,MF,1990-09-18,BADRI,ES Tunis,178,70,TUN,Moscow,28,7,22.09317005
URUGUAY,1,GK,1986-06-16,F. MUSLERA,Galatasaray SK,190,74,TUR,Moscow,32,97,20.49861496
URUGUAY,10,FW,1994-06-01,G. DE ARRASCAETA,Cruzeiro EC,172,64,BRA,Moscow,24,14,21.63331531
URUGUAY,11,FW,1986-10-12,C. STUANI,Girona FC,186,78,ESP,Moscow,32,41,22.54595907
URUGUAY,12,GK,1989-05-29,M. CAMPAÑA,CA Independiente,184,79,ARG,Moscow,29,1,23.33412098
URUGUAY,13,DF,1994-03-05,G. SILVA,CA Independiente,185,74,ARG,Moscow,24,17,21.62162162
URUGUAY,14,MF,1996-02-11,L. TORREIRA,UC Sampdoria,168,61,ITA,Moscow,22,3,21.61281179
URUGUAY,15,MF,1991-08-24,M. VECINO,FC Internazionale,189,80,ITA,Moscow,27,22,22.39578959
URUGUAY,16,DF,1984-06-08,M. PEREIRA,FC Porto,173,73,POR,Moscow,34,125,24.39105884
URUGUAY,17,MF,1993-02-07,D. LAXALT,Genoa CFC,178,66,ITA,Moscow,25,6,20.83070319
URUGUAY,18,FW,1996-08-14,M. GOMEZ,Celta Vigo,186,85,ESP,Moscow,22,5,24.56931437
URUGUAY,19,DF,1990-10-07,S. COATES,Sporting CP,196,89,POR,Moscow,28,30,23.16743024
URUGUAY,2,DF,1995-01-20,J.M. GIMENEZ,Atletico Madrid,185,77,ESP,Moscow,23,42,22.49817385
URUGUAY,20,FW,1990-03-19,J. URRETAVISCAYA,CF Monterrey,172,66,MEX,Moscow,28,4,22.30935641
URUGUAY,21,FW,1987-02-14,E. CAVANI,Paris Saint-Germain FC,188,78,FRA,Moscow,31,101,22.06880942
URUGUAY,22,DF,1987-04-07,M. CACERES,SS Lazio,178,75,ITA,Moscow,31,76,23.67125363
URUGUAY,23,GK,1983-03-25,M. SILVA,CR Vasco da Gama,187,82,BRA,Moscow,35,11,23.44934084
URUGUAY,3,DF,1986-02-16,D. GODIN,Atletico Madrid,185,73,ESP,Moscow,32,116,21.32943755
URUGUAY,4,DF,1993-03-24,G. VARELA,CA Penarol,173,70,URU,Moscow,25,3,23.38868656
URUGUAY,5,MF,1984-12-02,C. SANCHEZ,CF Monterrey,171,74,MEX,Moscow,34,36,25.30693205
URUGUAY,6,MF,1997-06-25,R. BENTANCUR,Juventus FC,187,73,ITA,Moscow,21,7,20.8756327
URUGUAY,7,MF,1985-09-30,C. RODRIGUEZ,CA Penarol,178,79,URU,Moscow,33,105,24.93372049
URUGUAY,8,MF,1995-12-28,N. NANDEZ,CA Boca Juniors,171,61,ARG,Moscow,22,12,20.86111966
URUGUAY,9,FW,1987-01-24,L. SUAREZ,FC Barcelona,182,85,ESP,Moscow,31,98,25.66115203
